Dataset,Retriever,Question,Gold Answer,LLM Answer,Claim,Claim Label,Entailment Score,Contradiction Score,Evidence Preview
v1,bm25_v1+LLM,Which NFL team represented the AFC at Super Bowl 50?,Denver Broncos,The AFC is the only team that has ever won a Super Bowl.,The AFC is the only team that has ever won a Super Bowl.,contradicted,0.007350156083703041,0.99013352394104,"time. They also lost Super Bowl XXI when they wore white jerseys, but they are 0-4 in Super Bowls when wearing orange jerseys, losing in Super Bowl XII, XXII, XXIV, and XLVIII. The only other AFC champion team to have worn white as the designated home team in the Super Bowl was the Pittsburgh Steele"
v1,dpr_v1+LLM,Which NFL team represented the AFC at Super Bowl 50?,Denver Broncos,The AFC is the only team that has won a Super Bowl since the NFL's inception. The AFC is the only team that has won a Super Bowl since the NFL's inception. The AFC is the only team that has won a Super Bowl since the NFL's inception. The AFC is the only team,The AFC is the only team that has won a Super Bowl since the NFL's inception.,contradicted,0.016017694026231766,0.9719095826148987,"the tradition of naming each Super Bowl game with Roman numerals (under which the game would have been known as ""Super Bowl L""), so that the logo could prominently feature the Arabic numerals 50. The Panthers finished the regular season with a 15–1 record, and quarterback Cam Newton was named the NF"
v1,dpr_v1+LLM,Which NFL team represented the AFC at Super Bowl 50?,Denver Broncos,The AFC is the only team that has won a Super Bowl since the NFL's inception. The AFC is the only team that has won a Super Bowl since the NFL's inception. The AFC is the only team that has won a Super Bowl since the NFL's inception. The AFC is the only team,The AFC is the only team,contradicted,0.04986393079161644,0.9550182223320007,"the tradition of naming each Super Bowl game with Roman numerals (under which the game would have been known as ""Super Bowl L""), so that the logo could prominently feature the Arabic numerals 50. The Panthers finished the regular season with a 15–1 record, and quarterback Cam Newton was named the NF"
v1,hybrid_v1+LLM,Which NFL team represented the AFC at Super Bowl 50?,Denver Broncos,"The AFC is the most popular team in the NFL, and the AFC is the most popular team in the NFL. The AFC is the most popular team in the NFL, and the AFC is the most popular team in the NFL. The AFC is the most popular team in the NFL, and the AFC","The AFC is the most popular team in the NFL,",unsupported,0.0010351039236411452,0.04577919468283653,
v1,hybrid_v1+LLM,Which NFL team represented the AFC at Super Bowl 50?,Denver Broncos,"The AFC is the most popular team in the NFL, and the AFC is the most popular team in the NFL. The AFC is the most popular team in the NFL, and the AFC is the most popular team in the NFL. The AFC is the most popular team in the NFL, and the AFC",the AFC is the most popular team in the NFL.,unsupported,0.0008742795907892287,0.06847682595252991,
v1,bm25_v1+LLM,Which NFL team represented the NFC at Super Bowl 50?,Carolina Panthers,"The NFC is the most popular team in the NFL, and the NFC is the most popular team in the NFL. The NFC is the most popular team in the NFL, and the NFC is the most popular team in the NFL. The NFC is the most popular team in the NFL, and the NFC","The NFC is the most popular team in the NFL,",unsupported,0.0016449482645839453,0.0916263535618782,
v1,bm25_v1+LLM,Which NFL team represented the NFC at Super Bowl 50?,Carolina Panthers,"The NFC is the most popular team in the NFL, and the NFC is the most popular team in the NFL. The NFC is the most popular team in the NFL, and the NFC is the most popular team in the NFL. The NFC is the most popular team in the NFL, and the NFC",the NFC is the most popular team in the NFL.,unsupported,0.0019446320366114378,0.1198359802365303,
v1,dpr_v1+LLM,Which NFL team represented the NFC at Super Bowl 50?,Carolina Panthers,The NFC is the only NFC team to have won a Super Bowl in Super Bowl XXXIII.,The NFC is the only NFC team to have won a Super Bowl in Super Bowl XXXIII.,contradicted,0.05984373390674591,0.9941132664680481,Super Bowl 50 was an American football game to determine the champion of the National Football League (NFL) for the 2015 season. The American Football Conference (AFC) champion Denver Broncos defeated the National Football Conference (NFC) champion Carolina Panthers 24–10 to earn their third Super B
v1,hybrid_v1+LLM,Which NFL team represented the NFC at Super Bowl 50?,Carolina Panthers,"The NFC is the most popular team in the NFL, and the NFC is the most popular team in the NFL. The NFC is the most popular team in the NFL, and the NFC is the most popular team in the NFL. The NFC is the most popular team in the NFL, and the NFC","The NFC is the most popular team in the NFL,",unsupported,0.001083223382011056,0.14556826651096344,
v1,hybrid_v1+LLM,Which NFL team represented the NFC at Super Bowl 50?,Carolina Panthers,"The NFC is the most popular team in the NFL, and the NFC is the most popular team in the NFL. The NFC is the most popular team in the NFL, and the NFC is the most popular team in the NFL. The NFC is the most popular team in the NFL, and the NFC",the NFC is the most popular team in the NFL.,unsupported,0.0014016173081472516,0.12930728495121002,
v1,bm25_v1+LLM,Where did Super Bowl 50 take place?,"Santa Clara, California","The Super Bowl 50 was held in the Bay Area on June 4, 2014. The Super Bowl 50 was held in the Bay Area on June 4, 2014. The Super Bowl 50 was held in the Bay Area on June 4, 2014. The Super Bowl 50 was held in the Bay Area on June","The Super Bowl 50 was held in the Bay Area on June 4, 2014.",unsupported,0.0721178948879242,0.26991036534309387,
v1,bm25_v1+LLM,Where did Super Bowl 50 take place?,"Santa Clara, California","The Super Bowl 50 was held in the Bay Area on June 4, 2014. The Super Bowl 50 was held in the Bay Area on June 4, 2014. The Super Bowl 50 was held in the Bay Area on June 4, 2014. The Super Bowl 50 was held in the Bay Area on June",The Super Bowl 50 was held in the Bay Area on June,unsupported,0.01632688380777836,0.10722819715738297,
v1,dpr_v1+LLM,Where did Super Bowl 50 take place?,"Santa Clara, California","The Super Bowl was held in the San Francisco Bay Area on February 7, 2016, at Levi's Stadium in the San Francisco Bay Area. The stadium opened in 2014, and the stadium was renamed Levi's Stadium in honor of the 50th anniversary of the Super Bowl. The stadium was originally named Levi","The Super Bowl was held in the San Francisco Bay Area on February 7, 2016, at Levi's Stadium in the San Francisco Bay Area.",contradicted,0.9813548922538757,0.9886032342910767,"place in San Diego in 2003. The game's media day, which was typically held on the Tuesday afternoon prior to the game, was moved to the Monday evening and re-branded as Super Bowl Opening Night. The event was held on February 1, 2016 at SAP Center in San Jose. Alongside the traditional media availab"
v1,dpr_v1+LLM,Where did Super Bowl 50 take place?,"Santa Clara, California","The Super Bowl was held in the San Francisco Bay Area on February 7, 2016, at Levi's Stadium in the San Francisco Bay Area. The stadium opened in 2014, and the stadium was renamed Levi's Stadium in honor of the 50th anniversary of the Super Bowl. The stadium was originally named Levi","The stadium opened in 2014,",contradicted,0.7993956804275513,0.9892589449882507,"place in San Diego in 2003. The game's media day, which was typically held on the Tuesday afternoon prior to the game, was moved to the Monday evening and re-branded as Super Bowl Opening Night. The event was held on February 1, 2016 at SAP Center in San Jose. Alongside the traditional media availab"
v1,dpr_v1+LLM,Where did Super Bowl 50 take place?,"Santa Clara, California","The Super Bowl was held in the San Francisco Bay Area on February 7, 2016, at Levi's Stadium in the San Francisco Bay Area. The stadium opened in 2014, and the stadium was renamed Levi's Stadium in honor of the 50th anniversary of the Super Bowl. The stadium was originally named Levi",the stadium was renamed Levi's Stadium in honor of the 50th anniversary of the Super Bowl.,contradicted,0.037946950644254684,0.9694420099258423,"place in San Diego in 2003. The game's media day, which was typically held on the Tuesday afternoon prior to the game, was moved to the Monday evening and re-branded as Super Bowl Opening Night. The event was held on February 1, 2016 at SAP Center in San Jose. Alongside the traditional media availab"
v1,dpr_v1+LLM,Where did Super Bowl 50 take place?,"Santa Clara, California","The Super Bowl was held in the San Francisco Bay Area on February 7, 2016, at Levi's Stadium in the San Francisco Bay Area. The stadium opened in 2014, and the stadium was renamed Levi's Stadium in honor of the 50th anniversary of the Super Bowl. The stadium was originally named Levi",The stadium was originally named Levi,unsupported,0.055980049073696136,0.43389415740966797,
v1,hybrid_v1+LLM,Where did Super Bowl 50 take place?,"Santa Clara, California","The Super Bowl 50 was played on February 7, 2016, at Levi's Stadium in the San Francisco Bay Area at Santa Clara, California. The Super Bowl 50 Host Committee has vowed to be ""the most giving Super Bowl ever"", and will dedicate 25 percent of all money it raises for philanthropic causes","The Super Bowl 50 was played on February 7, 2016, at Levi's Stadium in the San Francisco Bay Area at Santa Clara, California.",supported,0.8909651637077332,0.006817769259214401,"Conference (AFC) champion Denver Broncos defeated the National Football Conference (NFC) champion Carolina Panthers 24–10 to earn their third Super Bowl title. The game was played on February 7, 2016, at Levi's Stadium in the San Francisco Bay Area at Santa Clara, California. As this was the 50th Su"
v1,hybrid_v1+LLM,Where did Super Bowl 50 take place?,"Santa Clara, California","The Super Bowl 50 was played on February 7, 2016, at Levi's Stadium in the San Francisco Bay Area at Santa Clara, California. The Super Bowl 50 Host Committee has vowed to be ""the most giving Super Bowl ever"", and will dedicate 25 percent of all money it raises for philanthropic causes","The Super Bowl 50 Host Committee has vowed to be ""the most giving Super Bowl ever"",",supported,0.944762647151947,0.004430009052157402,"the logo could prominently feature the Arabic numerals 50. The Super Bowl 50 Host Committee has vowed to be ""the most giving Super Bowl ever"", and will dedicate 25 percent of all money it raises for philanthropic causes in the Bay Area. The committee created the 50 fund as its philanthropic initiati"
v1,hybrid_v1+LLM,Where did Super Bowl 50 take place?,"Santa Clara, California","The Super Bowl 50 was played on February 7, 2016, at Levi's Stadium in the San Francisco Bay Area at Santa Clara, California. The Super Bowl 50 Host Committee has vowed to be ""the most giving Super Bowl ever"", and will dedicate 25 percent of all money it raises for philanthropic causes",will dedicate 25 percent of all money it raises for philanthropic causes,supported,0.8527251482009888,0.0035888932179659605,"the logo could prominently feature the Arabic numerals 50. The Super Bowl 50 Host Committee has vowed to be ""the most giving Super Bowl ever"", and will dedicate 25 percent of all money it raises for philanthropic causes in the Bay Area. The committee created the 50 fund as its philanthropic initiati"
v1,bm25_v1+LLM,Which NFL team won Super Bowl 50?,Denver Broncos,The Broncos won Super Bowl 50.,The Broncos won Super Bowl 50.,contradicted,0.8680107593536377,0.8901826739311218,"As the designated home team in the annual rotation between AFC and NFC teams, the Broncos elected to wear their road white jerseys with matching white pants. Elway stated, ""We've had Super Bowl success in our white uniforms."" The Broncos last wore matching white jerseys and pants in the Super Bowl i"
v1,dpr_v1+LLM,Which NFL team won Super Bowl 50?,Denver Broncos,The Super Bowl is a Super Bowl. The Super Bowl is a Super Bowl. The Super Bowl is a Super Bowl. The Super Bowl is a Super Bowl. The Super Bowl is a Super Bowl. The Super Bowl is a Super Bowl. The Super Bowl is a Super Bowl. The Super Bowl is,The Super Bowl is a Super Bowl.,supported,0.7544688582420349,0.5773323774337769,Super Bowl 50 was an American football game to determine the champion of the National Football League (NFL) for the 2015 season. The American Football Conference (AFC) champion Denver Broncos defeated the National Football Conference (NFC) champion Carolina Panthers 24–10 to earn their third Super B
v1,dpr_v1+LLM,Which NFL team won Super Bowl 50?,Denver Broncos,The Super Bowl is a Super Bowl. The Super Bowl is a Super Bowl. The Super Bowl is a Super Bowl. The Super Bowl is a Super Bowl. The Super Bowl is a Super Bowl. The Super Bowl is a Super Bowl. The Super Bowl is a Super Bowl. The Super Bowl is,The Super Bowl is,contradicted,0.09497977793216705,0.8602076172828674,"the tradition of naming each Super Bowl game with Roman numerals (under which the game would have been known as ""Super Bowl L""), so that the logo could prominently feature the Arabic numerals 50. The Panthers finished the regular season with a 15–1 record, and quarterback Cam Newton was named the NF"
v1,hybrid_v1+LLM,Which NFL team won Super Bowl 50?,Denver Broncos,"The Broncos' Super Bowl 50 was the first time they had won a Super Bowl. The Broncos won Super Bowl XXXIII, and the Super Bowl XXI was the first time they had won a Super Bowl. The Broncos won Super Bowl XXII, and the Super Bowl XXIV was the first time",The Broncos' Super Bowl 50 was the first time they had won a Super Bowl.,contradicted,0.03721031919121742,0.9994033575057983,"the oldest quarterback ever to win a Super Bowl at age 39, and the first quarterback ever to win a Super Bowl with two different teams, while Gary Kubiak became the first head coach to win a Super Bowl with the same franchise he went to the Super Bowl with as a player. Super Bowl 50 was an American "
v1,hybrid_v1+LLM,Which NFL team won Super Bowl 50?,Denver Broncos,"The Broncos' Super Bowl 50 was the first time they had won a Super Bowl. The Broncos won Super Bowl XXXIII, and the Super Bowl XXI was the first time they had won a Super Bowl. The Broncos won Super Bowl XXII, and the Super Bowl XXIV was the first time","The Broncos won Super Bowl XXXIII,",supported,0.9697167873382568,0.9275795221328735,"As the designated home team in the annual rotation between AFC and NFC teams, the Broncos elected to wear their road white jerseys with matching white pants. Elway stated, ""We've had Super Bowl success in our white uniforms."" The Broncos last wore matching white jerseys and pants in the Super Bowl i"
v1,hybrid_v1+LLM,Which NFL team won Super Bowl 50?,Denver Broncos,"The Broncos' Super Bowl 50 was the first time they had won a Super Bowl. The Broncos won Super Bowl XXXIII, and the Super Bowl XXI was the first time they had won a Super Bowl. The Broncos won Super Bowl XXII, and the Super Bowl XXIV was the first time",the Super Bowl XXI was the first time they had won a Super Bowl.,contradicted,0.012589163146913052,0.9995552897453308,"Carolina Panthers 24–10 to earn their third Super Bowl title. The game was played on February 7, 2016, at Levi's Stadium in the San Francisco Bay Area at Santa Clara, California. As this was the 50th Super Bowl, the league emphasized the ""golden anniversary"" with various gold-themed initiatives, as "
v1,hybrid_v1+LLM,Which NFL team won Super Bowl 50?,Denver Broncos,"The Broncos' Super Bowl 50 was the first time they had won a Super Bowl. The Broncos won Super Bowl XXXIII, and the Super Bowl XXI was the first time they had won a Super Bowl. The Broncos won Super Bowl XXII, and the Super Bowl XXIV was the first time","The Broncos won Super Bowl XXII,",contradicted,0.030941572040319443,0.9840244650840759,"Carolina Panthers 24–10 to earn their third Super Bowl title. The game was played on February 7, 2016, at Levi's Stadium in the San Francisco Bay Area at Santa Clara, California. As this was the 50th Super Bowl, the league emphasized the ""golden anniversary"" with various gold-themed initiatives, as "
v1,hybrid_v1+LLM,Which NFL team won Super Bowl 50?,Denver Broncos,"The Broncos' Super Bowl 50 was the first time they had won a Super Bowl. The Broncos won Super Bowl XXXIII, and the Super Bowl XXI was the first time they had won a Super Bowl. The Broncos won Super Bowl XXII, and the Super Bowl XXIV was the first time",the Super Bowl XXIV was the first time,contradicted,0.020390700548887253,0.9970026612281799,"Carolina Panthers 24–10 to earn their third Super Bowl title. The game was played on February 7, 2016, at Levi's Stadium in the San Francisco Bay Area at Santa Clara, California. As this was the 50th Super Bowl, the league emphasized the ""golden anniversary"" with various gold-themed initiatives, as "
v1,bm25_v1+LLM,What color was used to emphasize the 50th anniversary of the Super Bowl?,gold,The color used for the Super Bowl was black.,The color used for the Super Bowl was black.,contradicted,0.03388603404164314,0.7300100326538086,"as a hitherto unknown incarnation of the Doctor known as the War Doctor in the run-up to the show's 50th anniversary special ""The Day of the Doctor"". He is shown in mini-episode ""The Night of the Doctor"" to have been retroactively inserted into the show's fictional chronology between McGann and Eccl"
v1,dpr_v1+LLM,What color was used to emphasize the 50th anniversary of the Super Bowl?,gold,"The 50th anniversary of the Super Bowl was celebrated in the NFL's history. The Super Bowl was the first time the NFL had a logo that featured the 50th anniversary of the Super Bowl. The NFL's logo was designed to be a ""super-colored"" logo, and the NFL logo was",The 50th anniversary of the Super Bowl was celebrated in the NFL's history.,supported,0.9751763343811035,0.04062541574239731,Super Bowl 50 was an American football game to determine the champion of the National Football League (NFL) for the 2015 season. The American Football Conference (AFC) champion Denver Broncos defeated the National Football Conference (NFC) champion Carolina Panthers 24–10 to earn their third Super B
v1,dpr_v1+LLM,What color was used to emphasize the 50th anniversary of the Super Bowl?,gold,"The 50th anniversary of the Super Bowl was celebrated in the NFL's history. The Super Bowl was the first time the NFL had a logo that featured the 50th anniversary of the Super Bowl. The NFL's logo was designed to be a ""super-colored"" logo, and the NFL logo was",The Super Bowl was the first time the NFL had a logo that featured the 50th anniversary of the Super Bowl.,unsupported,0.04451208934187889,0.533928632736206,
v1,dpr_v1+LLM,What color was used to emphasize the 50th anniversary of the Super Bowl?,gold,"The 50th anniversary of the Super Bowl was celebrated in the NFL's history. The Super Bowl was the first time the NFL had a logo that featured the 50th anniversary of the Super Bowl. The NFL's logo was designed to be a ""super-colored"" logo, and the NFL logo was","The NFL's logo was designed to be a ""super-colored"" logo,",unsupported,0.09112914651632309,0.1703496277332306,
v1,dpr_v1+LLM,What color was used to emphasize the 50th anniversary of the Super Bowl?,gold,"The 50th anniversary of the Super Bowl was celebrated in the NFL's history. The Super Bowl was the first time the NFL had a logo that featured the 50th anniversary of the Super Bowl. The NFL's logo was designed to be a ""super-colored"" logo, and the NFL logo was",the NFL logo was,unsupported,0.11491244286298752,0.4134456217288971,
v1,hybrid_v1+LLM,What color was used to emphasize the 50th anniversary of the Super Bowl?,gold,"The 50th anniversary of the Super Bowl was celebrated on February 7, 2016, at Levi's Stadium in the San Francisco Bay Area at Santa Clara, California. The Super Bowl was the first time the NFL had ever been televised in the United States. The NFL's first Super Bowl was played in the","The 50th anniversary of the Super Bowl was celebrated on February 7, 2016, at Levi's Stadium in the San Francisco Bay Area at Santa Clara, California.",supported,0.9609872698783875,0.1713169813156128,Super Bowl 50 was an American football game to determine the champion of the National Football League (NFL) for the 2015 season. The American Football Conference (AFC) champion Denver Broncos defeated the National Football Conference (NFC) champion Carolina Panthers 24–10 to earn their third Super B
v1,hybrid_v1+LLM,What color was used to emphasize the 50th anniversary of the Super Bowl?,gold,"The 50th anniversary of the Super Bowl was celebrated on February 7, 2016, at Levi's Stadium in the San Francisco Bay Area at Santa Clara, California. The Super Bowl was the first time the NFL had ever been televised in the United States. The NFL's first Super Bowl was played in the",The Super Bowl was the first time the NFL had ever been televised in the United States.,contradicted,0.00522259995341301,0.9838899374008179,"the tradition of naming each Super Bowl game with Roman numerals (under which the game would have been known as ""Super Bowl L""), so that the logo could prominently feature the Arabic numerals 50. In honor of the 50th Super Bowl, the pregame ceremony featured the on-field introduction of 39 of the 43"
v1,hybrid_v1+LLM,What color was used to emphasize the 50th anniversary of the Super Bowl?,gold,"The 50th anniversary of the Super Bowl was celebrated on February 7, 2016, at Levi's Stadium in the San Francisco Bay Area at Santa Clara, California. The Super Bowl was the first time the NFL had ever been televised in the United States. The NFL's first Super Bowl was played in the",The NFL's first Super Bowl was played in the,contradicted,0.05005227401852608,0.6834848523139954,"quarterback) was shown in the locker room preparing for the game. No plans were announced regarding the recognition of Harvey Martin, co-MVP of Super Bowl XII, who died in 2001. As the designated home team in the annual rotation between AFC and NFC teams, the Broncos elected to wear their road white"
v1,bm25_v1+LLM,What was the theme of Super Bowl 50?,"""golden anniversary""","Super Bowl 50 was a celebration of the Super Bowl, and the Super Bowl was a celebration of the Super Bowl. The Super Bowl was a celebration of the Super Bowl. The Super Bowl was a celebration of the Super Bowl. The Super Bowl was a celebration of the Super Bowl. The Super Bowl was","Super Bowl 50 was a celebration of the Super Bowl,",unsupported,0.12906500697135925,0.17866776883602142,
v1,bm25_v1+LLM,What was the theme of Super Bowl 50?,"""golden anniversary""","Super Bowl 50 was a celebration of the Super Bowl, and the Super Bowl was a celebration of the Super Bowl. The Super Bowl was a celebration of the Super Bowl. The Super Bowl was a celebration of the Super Bowl. The Super Bowl was a celebration of the Super Bowl. The Super Bowl was",the Super Bowl was a celebration of the Super Bowl.,unsupported,0.3651527762413025,0.5009708404541016,
v1,bm25_v1+LLM,What was the theme of Super Bowl 50?,"""golden anniversary""","Super Bowl 50 was a celebration of the Super Bowl, and the Super Bowl was a celebration of the Super Bowl. The Super Bowl was a celebration of the Super Bowl. The Super Bowl was a celebration of the Super Bowl. The Super Bowl was a celebration of the Super Bowl. The Super Bowl was",The Super Bowl was,contradicted,0.14750175178050995,0.6392824649810791,"temporarily suspended, and that the game would be named using Arabic numerals as Super Bowl 50 as opposed to Super Bowl L. The use of Roman numerals will be reinstated for Super Bowl LI. Jaime Weston, the league's vice president of brand and creative, explained that a primary reason for the change w"
v1,dpr_v1+LLM,What was the theme of Super Bowl 50?,"""golden anniversary""","Super Bowl 50 was a celebration of the 50th anniversary of the NFL's first Super Bowl. The game was played on February 7, 2016, at Levi's Stadium in the San Francisco Bay Area at Santa Clara, California. As this was the 50th Super Bowl, the league emphasized the ""gold",Super Bowl 50 was a celebration of the 50th anniversary of the NFL's first Super Bowl.,unsupported,0.034050144255161285,0.3414357602596283,
v1,dpr_v1+LLM,What was the theme of Super Bowl 50?,"""golden anniversary""","Super Bowl 50 was a celebration of the 50th anniversary of the NFL's first Super Bowl. The game was played on February 7, 2016, at Levi's Stadium in the San Francisco Bay Area at Santa Clara, California. As this was the 50th Super Bowl, the league emphasized the ""gold","The game was played on February 7, 2016, at Levi's Stadium in the San Francisco Bay Area at Santa Clara, California.",supported,0.7687143683433533,0.0021047601476311684,Super Bowl 50 was an American football game to determine the champion of the National Football League (NFL) for the 2015 season. The American Football Conference (AFC) champion Denver Broncos defeated the National Football Conference (NFC) champion Carolina Panthers 24–10 to earn their third Super B
v1,dpr_v1+LLM,What was the theme of Super Bowl 50?,"""golden anniversary""","Super Bowl 50 was a celebration of the 50th anniversary of the NFL's first Super Bowl. The game was played on February 7, 2016, at Levi's Stadium in the San Francisco Bay Area at Santa Clara, California. As this was the 50th Super Bowl, the league emphasized the ""gold","As this was the 50th Super Bowl, the league emphasized the ""gold",supported,0.9937438368797302,0.0558144748210907,Super Bowl 50 was an American football game to determine the champion of the National Football League (NFL) for the 2015 season. The American Football Conference (AFC) champion Denver Broncos defeated the National Football Conference (NFC) champion Carolina Panthers 24–10 to earn their third Super B
v1,hybrid_v1+LLM,What was the theme of Super Bowl 50?,"""golden anniversary""","The theme of Super Bowl 50 was the ""golden anniversary"" with various gold-themed initiatives, as well as temporarily suspending the tradition of naming each Super Bowl game with Roman numerals (under which the game would have been known as ""Super Bowl L""), so that the logo could prominently feature the","The theme of Super Bowl 50 was the ""golden anniversary"" with various gold-themed initiatives, as well as temporarily suspending the tradition of naming each Super Bowl game with Roman numerals (under which the game would have been known as ""Super Bowl L""), so that the logo could prominently feature the",supported,0.9412648677825928,0.05015590786933899,Super Bowl 50 was an American football game to determine the champion of the National Football League (NFL) for the 2015 season. The American Football Conference (AFC) champion Denver Broncos defeated the National Football Conference (NFC) champion Carolina Panthers 24–10 to earn their third Super B
v1,bm25_v1+LLM,What day was the game played on?,"February 7, 2016","February 7, 2016.","February 7, 2016.",contradicted,0.6860180497169495,0.9840901494026184,"turf collapsed under Baltimore Ravens kicker Justin Tucker, causing him to slip and miss a field goal, although the field has not had any major issues since. As is customary for Super Bowl games played at natural grass stadiums, the NFL re-sodded the field with a new playing surface; a hybrid Bermud"
v1,dpr_v1+LLM,What day was the game played on?,"February 7, 2016","February 1, 2016.","February 1, 2016.",contradicted,0.6830797791481018,0.9726239442825317,"the NBA Finals. In 1965, the corporate entity, American Broadcasting-Paramount Theatres, was renamed as the American Broadcasting Companies, while its cinema division became ABC Theatres;[citation needed] its recording division was renamed ABC Records in 1966. In December of that year, the ABC telev"
v1,hybrid_v1+LLM,What day was the game played on?,"February 7, 2016","February 7, 2016.","February 7, 2016.",supported,0.6860180497169495,0.5107755064964294,Super Bowl 50 was an American football game to determine the champion of the National Football League (NFL) for the 2015 season. The American Football Conference (AFC) champion Denver Broncos defeated the National Football Conference (NFC) champion Carolina Panthers 24–10 to earn their third Super B
v1,bm25_v1+LLM,What is the AFC short for?,American Football Conference,"The AFC short is the time at which the AFC is considered the most important team in the NFL. The AFC is the most important team in the NFL, and the AFC is the most important team in the NFL. The AFC is the most important team in the NFL, and the AFC is the most",The AFC short is the time at which the AFC is considered the most important team in the NFL.,contradicted,0.05436856299638748,0.8907271027565002,"soldiers were stranded and surrendered to the numerically inferior Spanish forces led by Pedro Menendez. Menendez proceeded to massacre the defenseless Huguenots, after which he wiped out the Fort Caroline garrison. The Broncos defeated the Pittsburgh Steelers in the divisional round, 23–16, by scor"
v1,bm25_v1+LLM,What is the AFC short for?,American Football Conference,"The AFC short is the time at which the AFC is considered the most important team in the NFL. The AFC is the most important team in the NFL, and the AFC is the most important team in the NFL. The AFC is the most important team in the NFL, and the AFC is the most","The AFC is the most important team in the NFL,",unsupported,0.0016923951916396618,0.14825694262981415,
v1,bm25_v1+LLM,What is the AFC short for?,American Football Conference,"The AFC short is the time at which the AFC is considered the most important team in the NFL. The AFC is the most important team in the NFL, and the AFC is the most important team in the NFL. The AFC is the most important team in the NFL, and the AFC is the most",the AFC is the most important team in the NFL.,unsupported,0.0029047809075564146,0.35406798124313354,
v1,bm25_v1+LLM,What is the AFC short for?,American Football Conference,"The AFC short is the time at which the AFC is considered the most important team in the NFL. The AFC is the most important team in the NFL, and the AFC is the most important team in the NFL. The AFC is the most important team in the NFL, and the AFC is the most",the AFC is the most,unsupported,0.10079776495695114,0.5843397974967957,
v1,dpr_v1+LLM,What is the AFC short for?,American Football Conference,The AFC short for the AFC Championship Game is the Super Bowl Championship Game. The AFC Championship Game is the Super Bowl Championship Game. The AFC Championship Game is the Super Bowl Championship Game. The AFC Championship Game is the Super Bowl Championship Game. The AFC Championship Game is the Super Bowl Championship Game. The,The AFC short for the AFC Championship Game is the Super Bowl Championship Game.,contradicted,0.09663369506597519,0.9666221737861633,"Bowl V, would be temporarily suspended, and that the game would be named using Arabic numerals as Super Bowl 50 as opposed to Super Bowl L. The use of Roman numerals will be reinstated for Super Bowl LI. Jaime Weston, the league's vice president of brand and creative, explained that a primary reason"
v1,dpr_v1+LLM,What is the AFC short for?,American Football Conference,The AFC short for the AFC Championship Game is the Super Bowl Championship Game. The AFC Championship Game is the Super Bowl Championship Game. The AFC Championship Game is the Super Bowl Championship Game. The AFC Championship Game is the Super Bowl Championship Game. The AFC Championship Game is the Super Bowl Championship Game. The,The AFC Championship Game is the Super Bowl Championship Game.,contradicted,0.2871122360229492,0.9836763739585876,"Bowl V, would be temporarily suspended, and that the game would be named using Arabic numerals as Super Bowl 50 as opposed to Super Bowl L. The use of Roman numerals will be reinstated for Super Bowl LI. Jaime Weston, the league's vice president of brand and creative, explained that a primary reason"
v1,hybrid_v1+LLM,What is the AFC short for?,American Football Conference,"The AFC Short for is the AFC Championship Game. The AFC Championship Game is the most important game of the year, and the AFC Short for is the most important game of the year. The AFC Championship Game is the most important game of the year, and the AFC Championship Game is the most important game",The AFC Short for is the AFC Championship Game.,contradicted,0.3570782244205475,0.9792128205299377,"but this compresses the most recent eon. Therefore, the second scale shows the most recent eon with an expanded scale. The second scale compresses the most recent era, so the most recent era is expanded in the third scale. Since the Quaternary is a very short period with short epochs, it is further "
v1,hybrid_v1+LLM,What is the AFC short for?,American Football Conference,"The AFC Short for is the AFC Championship Game. The AFC Championship Game is the most important game of the year, and the AFC Short for is the most important game of the year. The AFC Championship Game is the most important game of the year, and the AFC Championship Game is the most important game","The AFC Championship Game is the most important game of the year,",unsupported,0.0019121168879792094,0.19889050722122192,
v1,hybrid_v1+LLM,What is the AFC short for?,American Football Conference,"The AFC Short for is the AFC Championship Game. The AFC Championship Game is the most important game of the year, and the AFC Short for is the most important game of the year. The AFC Championship Game is the most important game of the year, and the AFC Championship Game is the most important game",the AFC Short for is the most important game of the year.,contradicted,0.029812898486852646,0.7143059372901917,"0-4 in Super Bowls when wearing orange jerseys, losing in Super Bowl XII, XXII, XXIV, and XLVIII. The only other AFC champion team to have worn white as the designated home team in the Super Bowl was the Pittsburgh Steelers; they defeated the Seattle Seahawks 21–10 in Super Bowl XL 10 seasons prior."
v1,hybrid_v1+LLM,What is the AFC short for?,American Football Conference,"The AFC Short for is the AFC Championship Game. The AFC Championship Game is the most important game of the year, and the AFC Short for is the most important game of the year. The AFC Championship Game is the most important game of the year, and the AFC Championship Game is the most important game",the AFC Championship Game is the most important game,unsupported,0.0017279699677601457,0.1218242421746254,
v1,bm25_v1+LLM,What was the theme of Super Bowl 50?,"""golden anniversary""","Super Bowl 50 was a celebration of the Super Bowl, and the Super Bowl was a celebration of the Super Bowl. The Super Bowl was a celebration of the Super Bowl. The Super Bowl was a celebration of the Super Bowl. The Super Bowl was a celebration of the Super Bowl. The Super Bowl was","Super Bowl 50 was a celebration of the Super Bowl,",unsupported,0.12906500697135925,0.17866776883602142,
v1,bm25_v1+LLM,What was the theme of Super Bowl 50?,"""golden anniversary""","Super Bowl 50 was a celebration of the Super Bowl, and the Super Bowl was a celebration of the Super Bowl. The Super Bowl was a celebration of the Super Bowl. The Super Bowl was a celebration of the Super Bowl. The Super Bowl was a celebration of the Super Bowl. The Super Bowl was",the Super Bowl was a celebration of the Super Bowl.,unsupported,0.3651527762413025,0.5009708404541016,
v1,bm25_v1+LLM,What was the theme of Super Bowl 50?,"""golden anniversary""","Super Bowl 50 was a celebration of the Super Bowl, and the Super Bowl was a celebration of the Super Bowl. The Super Bowl was a celebration of the Super Bowl. The Super Bowl was a celebration of the Super Bowl. The Super Bowl was a celebration of the Super Bowl. The Super Bowl was",The Super Bowl was,contradicted,0.14750175178050995,0.6392824649810791,"temporarily suspended, and that the game would be named using Arabic numerals as Super Bowl 50 as opposed to Super Bowl L. The use of Roman numerals will be reinstated for Super Bowl LI. Jaime Weston, the league's vice president of brand and creative, explained that a primary reason for the change w"
v1,dpr_v1+LLM,What was the theme of Super Bowl 50?,"""golden anniversary""","Super Bowl 50 was a celebration of the 50th anniversary of the NFL's first Super Bowl. The game was played on February 7, 2016, at Levi's Stadium in the San Francisco Bay Area at Santa Clara, California. As this was the 50th Super Bowl, the league emphasized the ""gold",Super Bowl 50 was a celebration of the 50th anniversary of the NFL's first Super Bowl.,unsupported,0.034050144255161285,0.3414357602596283,
v1,dpr_v1+LLM,What was the theme of Super Bowl 50?,"""golden anniversary""","Super Bowl 50 was a celebration of the 50th anniversary of the NFL's first Super Bowl. The game was played on February 7, 2016, at Levi's Stadium in the San Francisco Bay Area at Santa Clara, California. As this was the 50th Super Bowl, the league emphasized the ""gold","The game was played on February 7, 2016, at Levi's Stadium in the San Francisco Bay Area at Santa Clara, California.",supported,0.7687143683433533,0.0021047601476311684,Super Bowl 50 was an American football game to determine the champion of the National Football League (NFL) for the 2015 season. The American Football Conference (AFC) champion Denver Broncos defeated the National Football Conference (NFC) champion Carolina Panthers 24–10 to earn their third Super B
v1,dpr_v1+LLM,What was the theme of Super Bowl 50?,"""golden anniversary""","Super Bowl 50 was a celebration of the 50th anniversary of the NFL's first Super Bowl. The game was played on February 7, 2016, at Levi's Stadium in the San Francisco Bay Area at Santa Clara, California. As this was the 50th Super Bowl, the league emphasized the ""gold","As this was the 50th Super Bowl, the league emphasized the ""gold",supported,0.9937438368797302,0.0558144748210907,Super Bowl 50 was an American football game to determine the champion of the National Football League (NFL) for the 2015 season. The American Football Conference (AFC) champion Denver Broncos defeated the National Football Conference (NFC) champion Carolina Panthers 24–10 to earn their third Super B
v1,hybrid_v1+LLM,What was the theme of Super Bowl 50?,"""golden anniversary""","The theme of Super Bowl 50 was the ""golden anniversary"" with various gold-themed initiatives, as well as temporarily suspending the tradition of naming each Super Bowl game with Roman numerals (under which the game would have been known as ""Super Bowl L""), so that the logo could prominently feature the","The theme of Super Bowl 50 was the ""golden anniversary"" with various gold-themed initiatives, as well as temporarily suspending the tradition of naming each Super Bowl game with Roman numerals (under which the game would have been known as ""Super Bowl L""), so that the logo could prominently feature the",supported,0.9412648677825928,0.05015590786933899,Super Bowl 50 was an American football game to determine the champion of the National Football League (NFL) for the 2015 season. The American Football Conference (AFC) champion Denver Broncos defeated the National Football Conference (NFC) champion Carolina Panthers 24–10 to earn their third Super B
v1,bm25_v1+LLM,What does AFC stand for?,American Football Conference,The AFC stands for the AFC.,The AFC stands for the AFC.,supported,0.6320734024047852,0.5779126882553101,"white jerseys, but they are 0-4 in Super Bowls when wearing orange jerseys, losing in Super Bowl XII, XXII, XXIV, and XLVIII. The only other AFC champion team to have worn white as the designated home team in the Super Bowl was the Pittsburgh Steelers; they defeated the Seattle Seahawks 21–10 in Sup"
v1,dpr_v1+LLM,What does AFC stand for?,American Football Conference,The AFC stands for the AFC North. The AFC North is the North American Football Conference (NAFC). The North is the North American Football Conference (NAFC). The North is the North American Football Conference (NAFC). The North is the North American Football Conference (NAFC). The North is,The AFC stands for the AFC North.,contradicted,0.011612647213041782,0.9878228902816772,"a new logo based on the seal of the Federal Communications Commission, with the letters ""ABC"" enclosed in a circular shield surmounted by the bald eagle. In 1957, just before the television network began its first color broadcasts, the ABC logo consisted of a tiny lowercase ""abc"" in the center of a "
v1,dpr_v1+LLM,What does AFC stand for?,American Football Conference,The AFC stands for the AFC North. The AFC North is the North American Football Conference (NAFC). The North is the North American Football Conference (NAFC). The North is the North American Football Conference (NAFC). The North is the North American Football Conference (NAFC). The North is,The AFC North is the North American Football Conference (NAFC).,contradicted,0.013248256407678127,0.9931830763816833,"a new logo based on the seal of the Federal Communications Commission, with the letters ""ABC"" enclosed in a circular shield surmounted by the bald eagle. In 1957, just before the television network began its first color broadcasts, the ABC logo consisted of a tiny lowercase ""abc"" in the center of a "
v1,dpr_v1+LLM,What does AFC stand for?,American Football Conference,The AFC stands for the AFC North. The AFC North is the North American Football Conference (NAFC). The North is the North American Football Conference (NAFC). The North is the North American Football Conference (NAFC). The North is the North American Football Conference (NAFC). The North is,The North is the North American Football Conference (NAFC).,contradicted,0.029275350272655487,0.9962480664253235,"a new logo based on the seal of the Federal Communications Commission, with the letters ""ABC"" enclosed in a circular shield surmounted by the bald eagle. In 1957, just before the television network began its first color broadcasts, the ABC logo consisted of a tiny lowercase ""abc"" in the center of a "
v1,dpr_v1+LLM,What does AFC stand for?,American Football Conference,The AFC stands for the AFC North. The AFC North is the North American Football Conference (NAFC). The North is the North American Football Conference (NAFC). The North is the North American Football Conference (NAFC). The North is the North American Football Conference (NAFC). The North is,The North is,contradicted,0.03096179850399494,0.903763473033905,"regular season with a 15–1 record, and quarterback Cam Newton was named the NFL Most Valuable Player (MVP). They defeated the Arizona Cardinals 49–15 in the NFC Championship Game and advanced to their second Super Bowl appearance since the franchise was founded in 1995. The Broncos finished the regu"
v1,hybrid_v1+LLM,What does AFC stand for?,American Football Conference,"The AFC stands for AFC, AFC, AFC, AFC, AFC, AFC, AFC, AFC, AFC, AFC, AFC, AFC, AFC, AFC, AFC, AFC, AFC, AFC, AFC, AFC, AFC, AFC, AFC, AFC, AFC, AFC, AFC, AFC,","The AFC stands for AFC, AFC, AFC, AFC, AFC, AFC, AFC, AFC, AFC, AFC, AFC, AFC, AFC, AFC, AFC, AFC, AFC, AFC, AFC, AFC, AFC, AFC, AFC, AFC, AFC, AFC, AFC, AFC,",supported,0.8155099749565125,0.20472678542137146,"time. They also lost Super Bowl XXI when they wore white jerseys, but they are 0-4 in Super Bowls when wearing orange jerseys, losing in Super Bowl XII, XXII, XXIV, and XLVIII. The only other AFC champion team to have worn white as the designated home team in the Super Bowl was the Pittsburgh Steele"
v1,bm25_v1+LLM,What day was the Super Bowl played on?,"February 7, 2016","February 7, 2016.","February 7, 2016.",supported,0.7391373515129089,0.19871805608272552,"With Rivera having been a linebacker with the Chicago Bears in Super Bowl XX, and Kubiak replacing Elway at the end of the Broncos' defeats in Super Bowls XXI and XXIV, this will be the first Super Bowl in which both head coaches played in the game themselves. Super Bowl 50 was an American football "
v1,dpr_v1+LLM,What day was the Super Bowl played on?,"February 7, 2016","February 7, 2016.","February 7, 2016.",supported,0.7929911017417908,0.6426336169242859,"The game's media day, which was typically held on the Tuesday afternoon prior to the game, was moved to the Monday evening and re-branded as Super Bowl Opening Night. The event was held on February 1, 2016 at SAP Center in San Jose. Alongside the traditional media availabilities, the event featured "
v1,hybrid_v1+LLM,What day was the Super Bowl played on?,"February 7, 2016","February 7, 2016.","February 7, 2016.",supported,0.6860180497169495,0.15945355594158173,Super Bowl 50 was an American football game to determine the champion of the National Football League (NFL) for the 2015 season. The American Football Conference (AFC) champion Denver Broncos defeated the National Football Conference (NFC) champion Carolina Panthers 24–10 to earn their third Super B
v1,bm25_v1+LLM,Who won Super Bowl 50?,Denver Broncos,The Super Bowl 50 was the first time the Broncos had ever won a Super Bowl. The Super Bowl 50 was the first time the Broncos had ever won a Super Bowl. The Super Bowl 50 was the first time the Broncos had ever won a Super Bowl. The Super Bowl 50 was the first time the,The Super Bowl 50 was the first time the Broncos had ever won a Super Bowl.,contradicted,0.03671177104115486,0.9965529441833496,"Super Bowl XXXIII, Elway's last game as Denver QB, when they defeated the Atlanta Falcons 34–19. In their only other Super Bowl win in Super Bowl XXXII, Denver wore blue jerseys, which was their primary color at the time. They also lost Super Bowl XXI when they wore white jerseys, but they are 0-4 i"
v1,bm25_v1+LLM,Who won Super Bowl 50?,Denver Broncos,The Super Bowl 50 was the first time the Broncos had ever won a Super Bowl. The Super Bowl 50 was the first time the Broncos had ever won a Super Bowl. The Super Bowl 50 was the first time the Broncos had ever won a Super Bowl. The Super Bowl 50 was the first time the,The Super Bowl 50 was the first time the,contradicted,0.027914736419916153,0.8965008854866028,"Super Bowl 50 halftime show was headlined by the British rock group Coldplay with special guest performers Beyoncé and Bruno Mars, who headlined the Super Bowl XLVII and Super Bowl XLVIII halftime shows, respectively. It was the third-most watched U.S. broadcast ever. In honor of the 50th Super Bowl"
v1,dpr_v1+LLM,Who won Super Bowl 50?,Denver Broncos,The Super Bowl is a national championship game. The Super Bowl is a national championship game. The Super Bowl is a national championship game. The Super Bowl is a national championship game. The Super Bowl is a national championship game. The Super Bowl is a national championship game. The Super Bowl is a national,The Super Bowl is a national championship game.,supported,0.7766101360321045,0.5910301804542542,Super Bowl 50 was an American football game to determine the champion of the National Football League (NFL) for the 2015 season. The American Football Conference (AFC) champion Denver Broncos defeated the National Football Conference (NFC) champion Carolina Panthers 24–10 to earn their third Super B
v1,dpr_v1+LLM,Who won Super Bowl 50?,Denver Broncos,The Super Bowl is a national championship game. The Super Bowl is a national championship game. The Super Bowl is a national championship game. The Super Bowl is a national championship game. The Super Bowl is a national championship game. The Super Bowl is a national championship game. The Super Bowl is a national,The Super Bowl is a national,unsupported,0.03657782822847366,0.061311233788728714,
v1,hybrid_v1+LLM,Who won Super Bowl 50?,Denver Broncos,The Super Bowl 50 was the first time the NFL had ever been televised. The NFL has always been a big part of the Super Bowl. The NFL has always been a big part of the Super Bowl. The NFL has always been a big part of the Super Bowl. The NFL has always been a,The Super Bowl 50 was the first time the NFL had ever been televised.,contradicted,0.0025000993628054857,0.9989283680915833,"show was headlined by the British rock group Coldplay with special guest performers Beyoncé and Bruno Mars, who headlined the Super Bowl XLVII and Super Bowl XLVIII halftime shows, respectively. It was the third-most watched U.S. broadcast ever. Super Bowl 50 was an American football game to determi"
v1,hybrid_v1+LLM,Who won Super Bowl 50?,Denver Broncos,The Super Bowl 50 was the first time the NFL had ever been televised. The NFL has always been a big part of the Super Bowl. The NFL has always been a big part of the Super Bowl. The NFL has always been a big part of the Super Bowl. The NFL has always been a,The NFL has always been a big part of the Super Bowl.,unsupported,0.02839798666536808,0.03882043436169624,
v1,hybrid_v1+LLM,Who won Super Bowl 50?,Denver Broncos,The Super Bowl 50 was the first time the NFL had ever been televised. The NFL has always been a big part of the Super Bowl. The NFL has always been a big part of the Super Bowl. The NFL has always been a big part of the Super Bowl. The NFL has always been a,The NFL has always been a,contradicted,0.03699012100696564,0.7239488363265991,"also the oldest quarterback ever to play in a Super Bowl at age 39. The past record was held by John Elway, who led the Broncos to victory in Super Bowl XXXIII at age 38 and is currently Denver's Executive Vice President of Football Operations and General Manager."
v1,bm25_v1+LLM,What venue did Super Bowl 50 take place in?,Levi's Stadium,"The Super Bowl 50 was held in the Bay Area in the U.S. and was hosted by the Bay Area's top-tier sports teams. The Super Bowl 50 was held in the Bay Area's Bay Area's Bay Area, and was hosted by the Bay Area's top-tier sports teams",The Super Bowl 50 was held in the Bay Area in the U.S.,supported,0.6359904408454895,0.05983272194862366,"CBS broadcast Super Bowl 50 in the U.S., and charged an average of $5 million for a 30-second commercial during the game. The Super Bowl 50 halftime show was headlined by the British rock group Coldplay with special guest performers Beyoncé and Bruno Mars, who headlined the Super Bowl XLVII and Supe"
v1,bm25_v1+LLM,What venue did Super Bowl 50 take place in?,Levi's Stadium,"The Super Bowl 50 was held in the Bay Area in the U.S. and was hosted by the Bay Area's top-tier sports teams. The Super Bowl 50 was held in the Bay Area's Bay Area's Bay Area, and was hosted by the Bay Area's top-tier sports teams",was hosted by the Bay Area's top-tier sports teams.,unsupported,0.0016665079165250063,0.01593071036040783,
v1,bm25_v1+LLM,What venue did Super Bowl 50 take place in?,Levi's Stadium,"The Super Bowl 50 was held in the Bay Area in the U.S. and was hosted by the Bay Area's top-tier sports teams. The Super Bowl 50 was held in the Bay Area's Bay Area's Bay Area, and was hosted by the Bay Area's top-tier sports teams","The Super Bowl 50 was held in the Bay Area's Bay Area's Bay Area,",unsupported,0.16244222223758698,0.1581963300704956,
v1,bm25_v1+LLM,What venue did Super Bowl 50 take place in?,Levi's Stadium,"The Super Bowl 50 was held in the Bay Area in the U.S. and was hosted by the Bay Area's top-tier sports teams. The Super Bowl 50 was held in the Bay Area's Bay Area's Bay Area, and was hosted by the Bay Area's top-tier sports teams",was hosted by the Bay Area's top-tier sports teams,unsupported,0.005969097372144461,0.016337990760803223,
v1,dpr_v1+LLM,What venue did Super Bowl 50 take place in?,Levi's Stadium,"The Super Bowl was held in the San Francisco Bay Area in the early 2000s. The stadium was built in the early 2000s, and the stadium was renovated in the early 2000s. The stadium was renovated in the early 2000s, and the stadium was renovated in the early 2000s. The",The Super Bowl was held in the San Francisco Bay Area in the early 2000s.,contradicted,0.30930468440055847,0.9874492883682251,"prominently feature the Arabic numerals 50. The league announced on October 16, 2012, that the two finalists were Sun Life Stadium and Levi's Stadium. The South Florida/Miami area has previously hosted the event 10 times (tied for most with New Orleans), with the most recent one being Super Bowl XLI"
v1,dpr_v1+LLM,What venue did Super Bowl 50 take place in?,Levi's Stadium,"The Super Bowl was held in the San Francisco Bay Area in the early 2000s. The stadium was built in the early 2000s, and the stadium was renovated in the early 2000s. The stadium was renovated in the early 2000s, and the stadium was renovated in the early 2000s. The","The stadium was built in the early 2000s,",unsupported,0.024773521348834038,0.18160638213157654,
v1,dpr_v1+LLM,What venue did Super Bowl 50 take place in?,Levi's Stadium,"The Super Bowl was held in the San Francisco Bay Area in the early 2000s. The stadium was built in the early 2000s, and the stadium was renovated in the early 2000s. The stadium was renovated in the early 2000s, and the stadium was renovated in the early 2000s. The",the stadium was renovated in the early 2000s.,unsupported,0.00872291624546051,0.14325736463069916,
v1,dpr_v1+LLM,What venue did Super Bowl 50 take place in?,Levi's Stadium,"The Super Bowl was held in the San Francisco Bay Area in the early 2000s. The stadium was built in the early 2000s, and the stadium was renovated in the early 2000s. The stadium was renovated in the early 2000s, and the stadium was renovated in the early 2000s. The","The stadium was renovated in the early 2000s,",unsupported,0.003039287868887186,0.34700536727905273,
v1,hybrid_v1+LLM,What venue did Super Bowl 50 take place in?,Levi's Stadium,"The Super Bowl 50 was held in the San Francisco Bay Area at Levi's Stadium in the San Francisco Bay Area at Santa Clara, California. The stadium opened in 2014. The stadium is the first Super Bowl in the Bay Area since Super Bowl XXXVII took place in San Diego in 2003. The stadium","The Super Bowl 50 was held in the San Francisco Bay Area at Levi's Stadium in the San Francisco Bay Area at Santa Clara, California.",supported,0.9842618703842163,0.0313185416162014,"7, 2016, at Levi's Stadium in the San Francisco Bay Area at Santa Clara, California. As this was the 50th Super Bowl, the league emphasized the ""golden anniversary"" with various gold-themed initiatives, as well as temporarily suspending the tradition of naming each Super Bowl game with Roman numeral"
v1,hybrid_v1+LLM,What venue did Super Bowl 50 take place in?,Levi's Stadium,"The Super Bowl 50 was held in the San Francisco Bay Area at Levi's Stadium in the San Francisco Bay Area at Santa Clara, California. The stadium opened in 2014. The stadium is the first Super Bowl in the Bay Area since Super Bowl XXXVII took place in San Diego in 2003. The stadium",The stadium opened in 2014.,supported,0.7883000373840332,0.03019724041223526,"CBS broadcast Super Bowl 50 in the U.S., and charged an average of $5 million for a 30-second commercial during the game. The Super Bowl 50 halftime show was headlined by the British rock group Coldplay with special guest performers Beyoncé and Bruno Mars, who headlined the Super Bowl XLVII and Supe"
v1,hybrid_v1+LLM,What venue did Super Bowl 50 take place in?,Levi's Stadium,"The Super Bowl 50 was held in the San Francisco Bay Area at Levi's Stadium in the San Francisco Bay Area at Santa Clara, California. The stadium opened in 2014. The stadium is the first Super Bowl in the Bay Area since Super Bowl XXXVII took place in San Diego in 2003. The stadium",The stadium is the first Super Bowl in the Bay Area since Super Bowl XXXVII took place in San Diego in 2003.,supported,0.94651198387146,0.3158569931983948,"in 2014. It is the first Super Bowl held in the San Francisco Bay Area since Super Bowl XIX in 1985, and the first in California since Super Bowl XXXVII took place in San Diego in 2003. Super Bowl 50 was an American football game to determine the champion of the National Football League (NFL) for th"
v1,bm25_v1+LLM,What city did Super Bowl 50 take place in?,Santa Clara,"The Super Bowl 50 was held in the city of San Francisco, California, on June 4, 2014. The Super Bowl 50 was held in the Bay Area, and was hosted by the NFL. The Super Bowl 50 was the first Super Bowl to be held in the Bay Area. The Super Bowl 50","The Super Bowl 50 was held in the city of San Francisco, California, on June 4, 2014.",unsupported,0.001207257155328989,0.021499028429389,
v1,bm25_v1+LLM,What city did Super Bowl 50 take place in?,Santa Clara,"The Super Bowl 50 was held in the city of San Francisco, California, on June 4, 2014. The Super Bowl 50 was held in the Bay Area, and was hosted by the NFL. The Super Bowl 50 was the first Super Bowl to be held in the Bay Area. The Super Bowl 50","The Super Bowl 50 was held in the Bay Area,",unsupported,0.5270294547080994,0.1433277428150177,
v1,bm25_v1+LLM,What city did Super Bowl 50 take place in?,Santa Clara,"The Super Bowl 50 was held in the city of San Francisco, California, on June 4, 2014. The Super Bowl 50 was held in the Bay Area, and was hosted by the NFL. The Super Bowl 50 was the first Super Bowl to be held in the Bay Area. The Super Bowl 50",was hosted by the NFL.,contradicted,0.49242761731147766,0.8506999015808105,"CBS broadcast Super Bowl 50 in the U.S., and charged an average of $5 million for a 30-second commercial during the game. The Super Bowl 50 halftime show was headlined by the British rock group Coldplay with special guest performers Beyoncé and Bruno Mars, who headlined the Super Bowl XLVII and Supe"
v1,bm25_v1+LLM,What city did Super Bowl 50 take place in?,Santa Clara,"The Super Bowl 50 was held in the city of San Francisco, California, on June 4, 2014. The Super Bowl 50 was held in the Bay Area, and was hosted by the NFL. The Super Bowl 50 was the first Super Bowl to be held in the Bay Area. The Super Bowl 50",The Super Bowl 50 was the first Super Bowl to be held in the Bay Area.,unsupported,0.0017553444486111403,0.006100431550294161,
v1,bm25_v1+LLM,What city did Super Bowl 50 take place in?,Santa Clara,"The Super Bowl 50 was held in the city of San Francisco, California, on June 4, 2014. The Super Bowl 50 was held in the Bay Area, and was hosted by the NFL. The Super Bowl 50 was the first Super Bowl to be held in the Bay Area. The Super Bowl 50",The Super Bowl 50,unsupported,0.11045961827039719,0.38496240973472595,
v1,hybrid_v1+LLM,What city did Super Bowl 50 take place in?,Santa Clara,"San Francisco, California.","San Francisco, California.",unsupported,0.5712328553199768,0.036668822169303894,
v1,bm25_v1+LLM,"If Roman numerals were used, what would Super Bowl 50 have been called?",Super Bowl L,Roman numerals are used in Super Bowl 50.,Roman numerals are used in Super Bowl 50.,contradicted,0.14435316622257233,0.9832884669303894,"game was played on February 7, 2016, at Levi's Stadium in the San Francisco Bay Area at Santa Clara, California. As this was the 50th Super Bowl, the league emphasized the ""golden anniversary"" with various gold-themed initiatives, as well as temporarily suspending the tradition of naming each Super "
v1,dpr_v1+LLM,"If Roman numerals were used, what would Super Bowl 50 have been called?",Super Bowl L,Roman numerals are used in Super Bowl 50.,Roman numerals are used in Super Bowl 50.,contradicted,0.13744059205055237,0.9872730374336243,"game was played on February 7, 2016, at Levi's Stadium in the San Francisco Bay Area at Santa Clara, California. As this was the 50th Super Bowl, the league emphasized the ""golden anniversary"" with various gold-themed initiatives, as well as temporarily suspending the tradition of naming each Super "
v1,hybrid_v1+LLM,"If Roman numerals were used, what would Super Bowl 50 have been called?",Super Bowl L,Roman numerals are used in Super Bowl 50.,Roman numerals are used in Super Bowl 50.,contradicted,0.2585884630680084,0.9832884669303894,"game was played on February 7, 2016, at Levi's Stadium in the San Francisco Bay Area at Santa Clara, California. As this was the 50th Super Bowl, the league emphasized the ""golden anniversary"" with various gold-themed initiatives, as well as temporarily suspending the tradition of naming each Super "
v1,bm25_v1+LLM,Super Bowl 50 decided the NFL champion for what season?,2015,"The Super Bowl 50 Host Committee and the NFL have openly sought disabled veteran and lesbian, gay, bisexual and transgender-owned businesses in Business Connect, the Super Bowl program that provides local companies with contracting opportunities in and around the Super Bowl. The host committee has already raised over $40 million through sponsors including",The Super Bowl 50 Host Committee,contradicted,0.6123893857002258,0.6579621434211731,"the tradition of naming each Super Bowl game with Roman numerals (under which the game would have been known as ""Super Bowl L""), so that the logo could prominently feature the Arabic numerals 50. For the first time, the Super Bowl 50 Host Committee and the NFL have openly sought disabled veteran and"
v1,bm25_v1+LLM,Super Bowl 50 decided the NFL champion for what season?,2015,"The Super Bowl 50 Host Committee and the NFL have openly sought disabled veteran and lesbian, gay, bisexual and transgender-owned businesses in Business Connect, the Super Bowl program that provides local companies with contracting opportunities in and around the Super Bowl. The host committee has already raised over $40 million through sponsors including",the NFL have openly sought disabled veteran,unsupported,0.0836653858423233,0.4540483355522156,
v1,bm25_v1+LLM,Super Bowl 50 decided the NFL champion for what season?,2015,"The Super Bowl 50 Host Committee and the NFL have openly sought disabled veteran and lesbian, gay, bisexual and transgender-owned businesses in Business Connect, the Super Bowl program that provides local companies with contracting opportunities in and around the Super Bowl. The host committee has already raised over $40 million through sponsors including","lesbian, gay, bisexual",contradicted,0.04300330579280853,0.7668172717094421,"the tradition of naming each Super Bowl game with Roman numerals (under which the game would have been known as ""Super Bowl L""), so that the logo could prominently feature the Arabic numerals 50. For the first time, the Super Bowl 50 Host Committee and the NFL have openly sought disabled veteran and"
v1,bm25_v1+LLM,Super Bowl 50 decided the NFL champion for what season?,2015,"The Super Bowl 50 Host Committee and the NFL have openly sought disabled veteran and lesbian, gay, bisexual and transgender-owned businesses in Business Connect, the Super Bowl program that provides local companies with contracting opportunities in and around the Super Bowl. The host committee has already raised over $40 million through sponsors including","transgender-owned businesses in Business Connect, the Super Bowl program that provides local companies with contracting opportunities in",contradicted,0.04012085124850273,0.6157573461532593,"the tradition of naming each Super Bowl game with Roman numerals (under which the game would have been known as ""Super Bowl L""), so that the logo could prominently feature the Arabic numerals 50. For the first time, the Super Bowl 50 Host Committee and the NFL have openly sought disabled veteran and"
v1,bm25_v1+LLM,Super Bowl 50 decided the NFL champion for what season?,2015,"The Super Bowl 50 Host Committee and the NFL have openly sought disabled veteran and lesbian, gay, bisexual and transgender-owned businesses in Business Connect, the Super Bowl program that provides local companies with contracting opportunities in and around the Super Bowl. The host committee has already raised over $40 million through sponsors including",around the Super Bowl.,supported,0.6166452765464783,0.3354695737361908,"the difficulty of designing an aesthetically pleasing logo with the letter ""L"" using the standardized logo template introduced at Super Bowl XLV. The logo also deviates from the template by featuring large numerals, colored in gold, behind the Vince Lombardi Trophy, instead of underneath and in silv"
v1,bm25_v1+LLM,Super Bowl 50 decided the NFL champion for what season?,2015,"The Super Bowl 50 Host Committee and the NFL have openly sought disabled veteran and lesbian, gay, bisexual and transgender-owned businesses in Business Connect, the Super Bowl program that provides local companies with contracting opportunities in and around the Super Bowl. The host committee has already raised over $40 million through sponsors including",The host committee has already raised over $40 million through sponsors including,contradicted,0.05389423668384552,0.672433614730835,"the tradition of naming each Super Bowl game with Roman numerals (under which the game would have been known as ""Super Bowl L""), so that the logo could prominently feature the Arabic numerals 50. For the first time, the Super Bowl 50 Host Committee and the NFL have openly sought disabled veteran and"
v1,dpr_v1+LLM,Super Bowl 50 decided the NFL champion for what season?,2015,"The Super Bowl was a ""golden anniversary"" event. The NFL was founded in 1995 and the league was founded in 2000. The league was founded in 1995 and the league was founded in 2000. The league was founded in 1995 and the league was founded in 2000. The league was founded in 1995","The Super Bowl was a ""golden anniversary"" event.",contradicted,0.9437012672424316,0.957309901714325,"the tradition of naming each Super Bowl game with Roman numerals (under which the game would have been known as ""Super Bowl L""), so that the logo could prominently feature the Arabic numerals 50. The Panthers finished the regular season with a 15–1 record, and quarterback Cam Newton was named the NF"
v1,dpr_v1+LLM,Super Bowl 50 decided the NFL champion for what season?,2015,"The Super Bowl was a ""golden anniversary"" event. The NFL was founded in 1995 and the league was founded in 2000. The league was founded in 1995 and the league was founded in 2000. The league was founded in 1995 and the league was founded in 2000. The league was founded in 1995",The NFL was founded in 1995,unsupported,0.07913526892662048,0.3949437141418457,
v1,dpr_v1+LLM,Super Bowl 50 decided the NFL champion for what season?,2015,"The Super Bowl was a ""golden anniversary"" event. The NFL was founded in 1995 and the league was founded in 2000. The league was founded in 1995 and the league was founded in 2000. The league was founded in 1995 and the league was founded in 2000. The league was founded in 1995",the league was founded in 2000.,contradicted,0.007210317999124527,0.98264080286026,"the tradition of naming each Super Bowl game with Roman numerals (under which the game would have been known as ""Super Bowl L""), so that the logo could prominently feature the Arabic numerals 50. The Panthers finished the regular season with a 15–1 record, and quarterback Cam Newton was named the NF"
v1,dpr_v1+LLM,Super Bowl 50 decided the NFL champion for what season?,2015,"The Super Bowl was a ""golden anniversary"" event. The NFL was founded in 1995 and the league was founded in 2000. The league was founded in 1995 and the league was founded in 2000. The league was founded in 1995 and the league was founded in 2000. The league was founded in 1995",The league was founded in 1995,contradicted,0.045189131051301956,0.8858266472816467,"the tradition of naming each Super Bowl game with Roman numerals (under which the game would have been known as ""Super Bowl L""), so that the logo could prominently feature the Arabic numerals 50. The Panthers finished the regular season with a 15–1 record, and quarterback Cam Newton was named the NF"
v1,hybrid_v1+LLM,Super Bowl 50 decided the NFL champion for what season?,2015,The Super Bowl 50 was the first Super Bowl to be held in the United States. The Super Bowl 50 was the first Super Bowl to be held in the United States. The Super Bowl 50 was the first Super Bowl to be held in the United States. The Super Bowl 50 was the first Super Bowl,The Super Bowl 50 was the first Super Bowl to be held in the United States.,contradicted,0.004024817142635584,0.9839644432067871,"the 50th Super Bowl ""spectacular"" and that it would be ""an important game for us as a league"". For the first time, the Super Bowl 50 Host Committee and the NFL have openly sought disabled veteran and lesbian, gay, bisexual and transgender-owned businesses in Business Connect, the Super Bowl program "
v1,hybrid_v1+LLM,Super Bowl 50 decided the NFL champion for what season?,2015,The Super Bowl 50 was the first Super Bowl to be held in the United States. The Super Bowl 50 was the first Super Bowl to be held in the United States. The Super Bowl 50 was the first Super Bowl to be held in the United States. The Super Bowl 50 was the first Super Bowl,The Super Bowl 50 was the first Super Bowl,contradicted,0.028676001355051994,0.9977501034736633,Super Bowl 50 was an American football game to determine the champion of the National Football League (NFL) for the 2015 season. The American Football Conference (AFC) champion Denver Broncos defeated the National Football Conference (NFC) champion Carolina Panthers 24–10 to earn their third Super B
v1,bm25_v1+LLM,What year did the Denver Broncos secure a Super Bowl title for the third time?,2015,The Super Bowl was won by the Denver Broncos in Super Bowl XLVIII. The Broncos won the game by a score of 1–1. The Broncos won the game by a score of 1–0. The Broncos won the game by a score of 1–0. The Broncos won the game,The Super Bowl was won by the Denver Broncos in Super Bowl XLVIII.,contradicted,0.061802204698324203,0.996122419834137,"gold-themed initiatives, as well as temporarily suspending the tradition of naming each Super Bowl game with Roman numerals (under which the game would have been known as ""Super Bowl L""), so that the logo could prominently feature the Arabic numerals 50. The Broncos took an early lead in Super Bowl "
v1,bm25_v1+LLM,What year did the Denver Broncos secure a Super Bowl title for the third time?,2015,The Super Bowl was won by the Denver Broncos in Super Bowl XLVIII. The Broncos won the game by a score of 1–1. The Broncos won the game by a score of 1–0. The Broncos won the game by a score of 1–0. The Broncos won the game,The Broncos won the game by a score of 1–1.,contradicted,0.09015003591775894,0.9965380430221558,the Super Bowl with as a player. Super Bowl 50 was an American football game to determine the champion of the National Football League (NFL) for the 2015 season. The American Football Conference (AFC) champion Denver Broncos defeated the National Football Conference (NFC) champion Carolina Panthers 
v1,bm25_v1+LLM,What year did the Denver Broncos secure a Super Bowl title for the third time?,2015,The Super Bowl was won by the Denver Broncos in Super Bowl XLVIII. The Broncos won the game by a score of 1–1. The Broncos won the game by a score of 1–0. The Broncos won the game by a score of 1–0. The Broncos won the game,The Broncos won the game by a score of 1–0.,contradicted,0.04100009799003601,0.9990742206573486,the Super Bowl with as a player. Super Bowl 50 was an American football game to determine the champion of the National Football League (NFL) for the 2015 season. The American Football Conference (AFC) champion Denver Broncos defeated the National Football Conference (NFC) champion Carolina Panthers 
v1,bm25_v1+LLM,What year did the Denver Broncos secure a Super Bowl title for the third time?,2015,The Super Bowl was won by the Denver Broncos in Super Bowl XLVIII. The Broncos won the game by a score of 1–1. The Broncos won the game by a score of 1–0. The Broncos won the game by a score of 1–0. The Broncos won the game,The Broncos won the game,supported,0.9598891139030457,0.11480424553155899,the Super Bowl with as a player. Super Bowl 50 was an American football game to determine the champion of the National Football League (NFL) for the 2015 season. The American Football Conference (AFC) champion Denver Broncos defeated the National Football Conference (NFC) champion Carolina Panthers 
v1,dpr_v1+LLM,What year did the Denver Broncos secure a Super Bowl title for the third time?,2015,"The Broncos were in the AFC Championship Game, and they won. They were in the NFC Championship Game, and they won. They were in the NFC Championship Game, and they won. They were in the NFC Championship Game, and they won. They were in the NFC Championship Game, and they won","The Broncos were in the AFC Championship Game,",contradicted,0.9509232044219971,0.9784561395645142,"The Broncos took an early lead in Super Bowl 50 and never trailed. Newton was limited by Denver's defense, which sacked him seven times and forced him into three turnovers, including a fumble which they recovered for a touchdown. Denver linebacker Von Miller was named Super Bowl MVP, recording five "
v1,dpr_v1+LLM,What year did the Denver Broncos secure a Super Bowl title for the third time?,2015,"The Broncos were in the AFC Championship Game, and they won. They were in the NFC Championship Game, and they won. They were in the NFC Championship Game, and they won. They were in the NFC Championship Game, and they won. They were in the NFC Championship Game, and they won","They were in the NFC Championship Game,",contradicted,0.03403846174478531,0.9979141354560852,"the final three minutes of the game. They then beat the defending Super Bowl XLIX champion New England Patriots in the AFC Championship Game, 20–18, by intercepting a pass on New England's 2-point conversion attempt with 17 seconds left on the clock. Despite Manning's problems with interceptions dur"
v1,hybrid_v1+LLM,What year did the Denver Broncos secure a Super Bowl title for the third time?,2015,"The Super Bowl was held on February 7, 2016, at Levi's Stadium in the San Francisco Bay Area at Santa Clara, California. The Super Bowl was played on February 7, 2016, at Levi's Stadium in the San Francisco Bay Area at Santa Clara, California. The Super Bowl was played on","The Super Bowl was held on February 7, 2016, at Levi's Stadium in the San Francisco Bay Area at Santa Clara, California.",supported,0.9449208974838257,0.28683850169181824,50 was an American football game to determine the champion of the National Football League (NFL) for the 2015 season. The American Football Conference (AFC) champion Denver Broncos defeated the National Football Conference (NFC) champion Carolina Panthers 24–10 to earn their third Super Bowl title. 
v1,hybrid_v1+LLM,What year did the Denver Broncos secure a Super Bowl title for the third time?,2015,"The Super Bowl was held on February 7, 2016, at Levi's Stadium in the San Francisco Bay Area at Santa Clara, California. The Super Bowl was played on February 7, 2016, at Levi's Stadium in the San Francisco Bay Area at Santa Clara, California. The Super Bowl was played on","The Super Bowl was played on February 7, 2016, at Levi's Stadium in the San Francisco Bay Area at Santa Clara, California.",supported,0.8863138556480408,0.14556461572647095,50 was an American football game to determine the champion of the National Football League (NFL) for the 2015 season. The American Football Conference (AFC) champion Denver Broncos defeated the National Football Conference (NFC) champion Carolina Panthers 24–10 to earn their third Super Bowl title. 
v1,hybrid_v1+LLM,What year did the Denver Broncos secure a Super Bowl title for the third time?,2015,"The Super Bowl was held on February 7, 2016, at Levi's Stadium in the San Francisco Bay Area at Santa Clara, California. The Super Bowl was played on February 7, 2016, at Levi's Stadium in the San Francisco Bay Area at Santa Clara, California. The Super Bowl was played on",The Super Bowl was played on,unsupported,0.5556180477142334,0.16217021644115448,
v1,bm25_v1+LLM,What city did Super Bowl 50 take place in?,Santa Clara,"The Super Bowl 50 was held in the city of San Francisco, California, on June 4, 2014. The Super Bowl 50 was held in the Bay Area, and was hosted by the NFL. The Super Bowl 50 was the first Super Bowl to be held in the Bay Area. The Super Bowl 50","The Super Bowl 50 was held in the city of San Francisco, California, on June 4, 2014.",unsupported,0.001207257155328989,0.021499028429389,
v1,bm25_v1+LLM,What city did Super Bowl 50 take place in?,Santa Clara,"The Super Bowl 50 was held in the city of San Francisco, California, on June 4, 2014. The Super Bowl 50 was held in the Bay Area, and was hosted by the NFL. The Super Bowl 50 was the first Super Bowl to be held in the Bay Area. The Super Bowl 50","The Super Bowl 50 was held in the Bay Area,",unsupported,0.5270294547080994,0.1433277428150177,
v1,bm25_v1+LLM,What city did Super Bowl 50 take place in?,Santa Clara,"The Super Bowl 50 was held in the city of San Francisco, California, on June 4, 2014. The Super Bowl 50 was held in the Bay Area, and was hosted by the NFL. The Super Bowl 50 was the first Super Bowl to be held in the Bay Area. The Super Bowl 50",was hosted by the NFL.,contradicted,0.49242761731147766,0.8506999015808105,"CBS broadcast Super Bowl 50 in the U.S., and charged an average of $5 million for a 30-second commercial during the game. The Super Bowl 50 halftime show was headlined by the British rock group Coldplay with special guest performers Beyoncé and Bruno Mars, who headlined the Super Bowl XLVII and Supe"
v1,bm25_v1+LLM,What city did Super Bowl 50 take place in?,Santa Clara,"The Super Bowl 50 was held in the city of San Francisco, California, on June 4, 2014. The Super Bowl 50 was held in the Bay Area, and was hosted by the NFL. The Super Bowl 50 was the first Super Bowl to be held in the Bay Area. The Super Bowl 50",The Super Bowl 50 was the first Super Bowl to be held in the Bay Area.,unsupported,0.0017553444486111403,0.006100431550294161,
v1,bm25_v1+LLM,What city did Super Bowl 50 take place in?,Santa Clara,"The Super Bowl 50 was held in the city of San Francisco, California, on June 4, 2014. The Super Bowl 50 was held in the Bay Area, and was hosted by the NFL. The Super Bowl 50 was the first Super Bowl to be held in the Bay Area. The Super Bowl 50",The Super Bowl 50,unsupported,0.11045961827039719,0.38496240973472595,
v1,hybrid_v1+LLM,What city did Super Bowl 50 take place in?,Santa Clara,"San Francisco, California.","San Francisco, California.",unsupported,0.5712328553199768,0.036668822169303894,
v1,bm25_v1+LLM,What stadium did Super Bowl 50 take place in?,Levi's Stadium,"The Super Bowl 50 was held at Levi's Stadium in San Francisco, California, on February 7, 2016. The stadium opened in 2014. The stadium was the first Super Bowl in the San Francisco Bay Area since Super Bowl XXXVII took place in 1985. The Super Bowl XLVII was the first in","The Super Bowl 50 was held at Levi's Stadium in San Francisco, California, on February 7, 2016.",supported,0.9635801315307617,0.4726838171482086,"Denver Broncos defeated the National Football Conference (NFC) champion Carolina Panthers 24–10 to earn their third Super Bowl title. The game was played on February 7, 2016, at Levi's Stadium in the San Francisco Bay Area at Santa Clara, California. As this was the 50th Super Bowl, the league empha"
v1,bm25_v1+LLM,What stadium did Super Bowl 50 take place in?,Levi's Stadium,"The Super Bowl 50 was held at Levi's Stadium in San Francisco, California, on February 7, 2016. The stadium opened in 2014. The stadium was the first Super Bowl in the San Francisco Bay Area since Super Bowl XXXVII took place in 1985. The Super Bowl XLVII was the first in",The stadium opened in 2014.,contradicted,0.8245498538017273,0.948375940322876,"last hosted in 1985 (Super Bowl XIX), held at Stanford Stadium in Stanford, California, won by the home team 49ers. The Miami bid depended on whether the stadium underwent renovations. However, on May 3, 2013, the Florida legislature refused to approve the funding plan to pay for the renovations, de"
v1,bm25_v1+LLM,What stadium did Super Bowl 50 take place in?,Levi's Stadium,"The Super Bowl 50 was held at Levi's Stadium in San Francisco, California, on February 7, 2016. The stadium opened in 2014. The stadium was the first Super Bowl in the San Francisco Bay Area since Super Bowl XXXVII took place in 1985. The Super Bowl XLVII was the first in",The stadium was the first Super Bowl in the San Francisco Bay Area since Super Bowl XXXVII took place in 1985.,contradicted,0.9653854966163635,0.9818947911262512,"25 percent of all money it raises for philanthropic causes in the Bay Area. The committee created the 50 fund as its philanthropic initiative and focuses on providing grants to aid with youth development, community investment and sustainable environments. The league announced on October 16, 2012, th"
v1,bm25_v1+LLM,What stadium did Super Bowl 50 take place in?,Levi's Stadium,"The Super Bowl 50 was held at Levi's Stadium in San Francisco, California, on February 7, 2016. The stadium opened in 2014. The stadium was the first Super Bowl in the San Francisco Bay Area since Super Bowl XXXVII took place in 1985. The Super Bowl XLVII was the first in",The Super Bowl XLVII was the first in,contradicted,0.006553292274475098,0.9961448907852173,"Denver Broncos defeated the National Football Conference (NFC) champion Carolina Panthers 24–10 to earn their third Super Bowl title. The game was played on February 7, 2016, at Levi's Stadium in the San Francisco Bay Area at Santa Clara, California. As this was the 50th Super Bowl, the league empha"
v1,dpr_v1+LLM,What stadium did Super Bowl 50 take place in?,Levi's Stadium,"The Super Bowl was held in the San Francisco Bay Area in the early 2000s. The stadium was built in the early 2000s, and the stadium was renovated in the early 2000s. The stadium was renovated in the early 2000s, and the stadium was renovated in the early 2000s. The",The Super Bowl was held in the San Francisco Bay Area in the early 2000s.,contradicted,0.35172268748283386,0.9862011075019836,"place in San Diego in 2003. The league announced on October 16, 2012, that the two finalists were Sun Life Stadium and Levi's Stadium. The South Florida/Miami area has previously hosted the event 10 times (tied for most with New Orleans), with the most recent one being Super Bowl XLIV in 2010. The S"
v1,dpr_v1+LLM,What stadium did Super Bowl 50 take place in?,Levi's Stadium,"The Super Bowl was held in the San Francisco Bay Area in the early 2000s. The stadium was built in the early 2000s, and the stadium was renovated in the early 2000s. The stadium was renovated in the early 2000s, and the stadium was renovated in the early 2000s. The","The stadium was built in the early 2000s,",contradicted,0.00839640200138092,0.9422237873077393,"the tradition of naming each Super Bowl game with Roman numerals (under which the game would have been known as ""Super Bowl L""), so that the logo could prominently feature the Arabic numerals 50. On May 21, 2013, NFL owners at their spring meetings in Boston voted and awarded the game to Levi's Stad"
v1,dpr_v1+LLM,What stadium did Super Bowl 50 take place in?,Levi's Stadium,"The Super Bowl was held in the San Francisco Bay Area in the early 2000s. The stadium was built in the early 2000s, and the stadium was renovated in the early 2000s. The stadium was renovated in the early 2000s, and the stadium was renovated in the early 2000s. The",the stadium was renovated in the early 2000s.,unsupported,0.00872291624546051,0.1027221530675888,
v1,dpr_v1+LLM,What stadium did Super Bowl 50 take place in?,Levi's Stadium,"The Super Bowl was held in the San Francisco Bay Area in the early 2000s. The stadium was built in the early 2000s, and the stadium was renovated in the early 2000s. The stadium was renovated in the early 2000s, and the stadium was renovated in the early 2000s. The","The stadium was renovated in the early 2000s,",unsupported,0.003039287868887186,0.4077622890472412,
v1,hybrid_v1+LLM,What stadium did Super Bowl 50 take place in?,Levi's Stadium,"The Super Bowl 50 was held in the San Francisco Bay Area in the early 2000s. The stadium was built in the San Francisco Bay Area in the early 2000s, and was the first Super Bowl in the Bay Area since Super Bowl XXXVII in 1985. The stadium was built in the San Francisco",The Super Bowl 50 was held in the San Francisco Bay Area in the early 2000s.,contradicted,0.10861801356077194,0.9992461204528809,"prominently feature the Arabic numerals 50. The league announced on October 16, 2012, that the two finalists were Sun Life Stadium and Levi's Stadium. The South Florida/Miami area has previously hosted the event 10 times (tied for most with New Orleans), with the most recent one being Super Bowl XLI"
v1,hybrid_v1+LLM,What stadium did Super Bowl 50 take place in?,Levi's Stadium,"The Super Bowl 50 was held in the San Francisco Bay Area in the early 2000s. The stadium was built in the San Francisco Bay Area in the early 2000s, and was the first Super Bowl in the Bay Area since Super Bowl XXXVII in 1985. The stadium was built in the San Francisco","The stadium was built in the San Francisco Bay Area in the early 2000s,",unsupported,0.09647310525178909,0.09612128883600235,
v1,hybrid_v1+LLM,What stadium did Super Bowl 50 take place in?,Levi's Stadium,"The Super Bowl 50 was held in the San Francisco Bay Area in the early 2000s. The stadium was built in the San Francisco Bay Area in the early 2000s, and was the first Super Bowl in the Bay Area since Super Bowl XXXVII in 1985. The stadium was built in the San Francisco",was the first Super Bowl in the Bay Area since Super Bowl XXXVII in 1985.,supported,0.9411281943321228,0.9143614768981934,"On May 21, 2013, NFL owners at their spring meetings in Boston voted and awarded the game to Levi's Stadium. The $1.2 billion stadium opened in 2014. It is the first Super Bowl held in the San Francisco Bay Area since Super Bowl XIX in 1985, and the first in California since Super Bowl XXXVII took p"
v1,hybrid_v1+LLM,What stadium did Super Bowl 50 take place in?,Levi's Stadium,"The Super Bowl 50 was held in the San Francisco Bay Area in the early 2000s. The stadium was built in the San Francisco Bay Area in the early 2000s, and was the first Super Bowl in the Bay Area since Super Bowl XXXVII in 1985. The stadium was built in the San Francisco",The stadium was built in the San Francisco,contradicted,0.24807366728782654,0.7760187983512878,"prominently feature the Arabic numerals 50. The league announced on October 16, 2012, that the two finalists were Sun Life Stadium and Levi's Stadium. The South Florida/Miami area has previously hosted the event 10 times (tied for most with New Orleans), with the most recent one being Super Bowl XLI"
v1,bm25_v1+LLM,What was the final score of Super Bowl 50? ,24–10,"The score was the same as the previous Super Bowl, with the exception of the first down conversion. The score was the same as the previous Super Bowl, with the exception of the first down conversion. The score was the same as the previous Super Bowl, with the exception of the first down conversion.","The score was the same as the previous Super Bowl, with the exception of the first down conversion.",contradicted,0.04922086000442505,0.9322822093963623,"(315 to 194) and first downs (21 to 11). Their 194 yards and 11 first downs were both the lowest totals ever by a Super Bowl winning team. The previous record was 244 yards by the Baltimore Ravens in Super Bowl XXXV. Only seven other teams had ever gained less than 200 yards in a Super Bowl, and all"
v1,dpr_v1+LLM,What was the final score of Super Bowl 50? ,24–10,The score was tied at 10:30.,The score was tied at 10:30.,contradicted,0.04603268578648567,0.9891847372055054,"review clearly showed the pass was complete. A few plays later, on 3rd-and-10 from the 15-yard line, linebacker Von Miller knocked the ball out of Newton's hands while sacking him, and Malik Jackson recovered it in the end zone for a Broncos touchdown, giving the team a 10–0 lead. This was the first"
v1,hybrid_v1+LLM,What was the final score of Super Bowl 50? ,24–10,The score was the following:,The score was the following:,unsupported,0.36523666977882385,0.35594990849494934,
