Dataset,Retriever,Question,Gold Answer,LLM Answer,Retrieved Context Preview,TopK,Mean Retrieval Score,Retrieval Hit@K,Exact Match,F1,BLEU,ROUGE-L,Semantic Similarity,Num Claims,Supported Claims,Unsupported Claims,Contradicted Claims,Faithfulness,Extrinsic Hallucination Rate,Intrinsic Hallucination Rate,Hallucination Rate,Step Time Sec
v1,bm25_v1+LLM,Which NFL team represented the AFC at Super Bowl 50?,Denver Broncos,The AFC is the only team that has ever won a Super Bowl.,"As the designated home team in the annual rotation between AFC and NFC teams, the Broncos elected to wear their road white jerseys with matching white pants. Elway stated, ""We've had Super Bowl success in our white uniforms."" The Broncos last wore matching white jerseys and pants in the Super Bowl in Super Bowl XXXIII, Elway's last game as Denver QB, when they defeated the Atlanta Falcons 34–19. In their only other Super Bowl win in Super Bowl XXXII, Denver wore blue jerseys, which was their pri",5,27.89986281037043,0,0,0.0,0.0,0.0,0.46393538,1,0,0,1,0.0,0.0,1.0,1.0,5.452566623687744
v1,dpr_v1+LLM,Which NFL team represented the AFC at Super Bowl 50?,Denver Broncos,The AFC is the only team that has won a Super Bowl since the NFL's inception. The AFC is the only team that has won a Super Bowl since the NFL's inception. The AFC is the only team that has won a Super Bowl since the NFL's inception. The AFC is the only team,"Super Bowl 50 was an American football game to determine the champion of the National Football League (NFL) for the 2015 season. The American Football Conference (AFC) champion Denver Broncos defeated the National Football Conference (NFC) champion Carolina Panthers 24–10 to earn their third Super Bowl title. The game was played on February 7, 2016, at Levi's Stadium in the San Francisco Bay Area at Santa Clara, California. As this was the 50th Super Bowl, the league emphasized the ""golden anniv",5,0.5868524670600891,1,0,0.0,0.0,0.0,0.40053695,2,0,0,2,0.0,0.0,1.0,1.0,1.0338492393493652
v1,hybrid_v1+LLM,Which NFL team represented the AFC at Super Bowl 50?,Denver Broncos,"The AFC is the most popular team in the NFL, and the AFC is the most popular team in the NFL. The AFC is the most popular team in the NFL, and the AFC is the most popular team in the NFL. The AFC is the most popular team in the NFL, and the AFC","As the designated home team in the annual rotation between AFC and NFC teams, the Broncos elected to wear their road white jerseys with matching white pants. Elway stated, ""We've had Super Bowl success in our white uniforms."" The Broncos last wore matching white jerseys and pants in the Super Bowl in Super Bowl XXXIII, Elway's last game as Denver QB, when they defeated the Atlanta Falcons 34–19. In their only other Super Bowl win in Super Bowl XXXII, Denver wore blue jerseys, which was their pri",5,0.8077731604058493,1,0,0.0,0.0,0.0,0.37702388,2,0,2,0,0.0,1.0,0.0,1.0,0.9632201194763184
v1,bm25_v1+LLM,Which NFL team represented the NFC at Super Bowl 50?,Carolina Panthers,"The NFC is the most popular team in the NFL, and the NFC is the most popular team in the NFL. The NFC is the most popular team in the NFL, and the NFC is the most popular team in the NFL. The NFC is the most popular team in the NFL, and the NFC","As the designated home team in the annual rotation between AFC and NFC teams, the Broncos elected to wear their road white jerseys with matching white pants. Elway stated, ""We've had Super Bowl success in our white uniforms."" The Broncos last wore matching white jerseys and pants in the Super Bowl in Super Bowl XXXIII, Elway's last game as Denver QB, when they defeated the Atlanta Falcons 34–19. In their only other Super Bowl win in Super Bowl XXXII, Denver wore blue jerseys, which was their pri",5,27.62939632004062,1,0,0.0,0.0,0.0,0.34328845,2,0,2,0,0.0,1.0,0.0,1.0,0.9647648334503174
v1,dpr_v1+LLM,Which NFL team represented the NFC at Super Bowl 50?,Carolina Panthers,The NFC is the only NFC team to have won a Super Bowl in Super Bowl XXXIII.,"Super Bowl 50 was an American football game to determine the champion of the National Football League (NFL) for the 2015 season. The American Football Conference (AFC) champion Denver Broncos defeated the National Football Conference (NFC) champion Carolina Panthers 24–10 to earn their third Super Bowl title. The game was played on February 7, 2016, at Levi's Stadium in the San Francisco Bay Area at Santa Clara, California. As this was the 50th Super Bowl, the league emphasized the ""golden anniv",5,0.5911763310432434,1,0,0.0,0.0,0.0,0.31636155,1,0,0,1,0.0,0.0,1.0,1.0,0.8534364700317383
v1,hybrid_v1+LLM,Which NFL team represented the NFC at Super Bowl 50?,Carolina Panthers,"The NFC is the most popular team in the NFL, and the NFC is the most popular team in the NFL. The NFC is the most popular team in the NFL, and the NFC is the most popular team in the NFL. The NFC is the most popular team in the NFL, and the NFC","As the designated home team in the annual rotation between AFC and NFC teams, the Broncos elected to wear their road white jerseys with matching white pants. Elway stated, ""We've had Super Bowl success in our white uniforms."" The Broncos last wore matching white jerseys and pants in the Super Bowl in Super Bowl XXXIII, Elway's last game as Denver QB, when they defeated the Atlanta Falcons 34–19. In their only other Super Bowl win in Super Bowl XXXII, Denver wore blue jerseys, which was their pri",5,0.8357290141579645,1,0,0.0,0.0,0.0,0.34328845,2,0,2,0,0.0,1.0,0.0,1.0,1.0008313655853271
v1,bm25_v1+LLM,Where did Super Bowl 50 take place?,"Santa Clara, California","The Super Bowl 50 was held in the Bay Area on June 4, 2014. The Super Bowl 50 was held in the Bay Area on June 4, 2014. The Super Bowl 50 was held in the Bay Area on June 4, 2014. The Super Bowl 50 was held in the Bay Area on June","CBS broadcast Super Bowl 50 in the U.S., and charged an average of $5 million for a 30-second commercial during the game. The Super Bowl 50 halftime show was headlined by the British rock group Coldplay with special guest performers Beyoncé and Bruno Mars, who headlined the Super Bowl XLVII and Super Bowl XLVIII halftime shows, respectively. It was the third-most watched U.S. broadcast ever. The Super Bowl 50 Host Committee has vowed to be ""the most giving Super Bowl ever"", and will dedicate 25 ",5,21.273147950884265,0,0,0.0,0.6044751875664687,0.0,0.19979896,2,0,2,0,0.0,1.0,0.0,1.0,0.840104341506958
v1,dpr_v1+LLM,Where did Super Bowl 50 take place?,"Santa Clara, California","The Super Bowl was held in the San Francisco Bay Area on February 7, 2016, at Levi's Stadium in the San Francisco Bay Area. The stadium opened in 2014, and the stadium was renamed Levi's Stadium in honor of the 50th anniversary of the Super Bowl. The stadium was originally named Levi","Super Bowl 50 was an American football game to determine the champion of the National Football League (NFL) for the 2015 season. The American Football Conference (AFC) champion Denver Broncos defeated the National Football Conference (NFC) champion Carolina Panthers 24–10 to earn their third Super Bowl title. The game was played on February 7, 2016, at Levi's Stadium in the San Francisco Bay Area at Santa Clara, California. As this was the 50th Super Bowl, the league emphasized the ""golden anniv",5,0.6255763888359069,1,0,0.0,0.6371624499564389,0.0,0.23761752,4,0,1,3,0.0,0.25,0.75,1.0,1.0455119609832764
v1,hybrid_v1+LLM,Where did Super Bowl 50 take place?,"Santa Clara, California","The Super Bowl 50 was played on February 7, 2016, at Levi's Stadium in the San Francisco Bay Area at Santa Clara, California. The Super Bowl 50 Host Committee has vowed to be ""the most giving Super Bowl ever"", and will dedicate 25 percent of all money it raises for philanthropic causes","CBS broadcast Super Bowl 50 in the U.S., and charged an average of $5 million for a 30-second commercial during the game. The Super Bowl 50 halftime show was headlined by the British rock group Coldplay with special guest performers Beyoncé and Bruno Mars, who headlined the Super Bowl XLVII and Super Bowl XLVIII halftime shows, respectively. It was the third-most watched U.S. broadcast ever. Super Bowl 50 was an American football game to determine the champion of the National Football League (NF",5,0.8618410940287546,1,0,0.07272727272727274,3.850056372189413,0.10714285714285715,0.25897402,3,3,0,0,1.0,0.0,0.0,0.0,0.9617135524749756
v1,bm25_v1+LLM,Which NFL team won Super Bowl 50?,Denver Broncos,The Broncos won Super Bowl 50.,"As the designated home team in the annual rotation between AFC and NFC teams, the Broncos elected to wear their road white jerseys with matching white pants. Elway stated, ""We've had Super Bowl success in our white uniforms."" The Broncos last wore matching white jerseys and pants in the Super Bowl in Super Bowl XXXIII, Elway's last game as Denver QB, when they defeated the Atlanta Falcons 34–19. In their only other Super Bowl win in Super Bowl XXXII, Denver wore blue jerseys, which was their pri",5,21.16315540585437,0,0,0.25,6.567274736060395,0.25,0.60148335,1,0,0,1,0.0,0.0,1.0,1.0,0.8450610637664795
v1,dpr_v1+LLM,Which NFL team won Super Bowl 50?,Denver Broncos,The Super Bowl is a Super Bowl. The Super Bowl is a Super Bowl. The Super Bowl is a Super Bowl. The Super Bowl is a Super Bowl. The Super Bowl is a Super Bowl. The Super Bowl is a Super Bowl. The Super Bowl is a Super Bowl. The Super Bowl is,"Super Bowl 50 was an American football game to determine the champion of the National Football League (NFL) for the 2015 season. The American Football Conference (AFC) champion Denver Broncos defeated the National Football Conference (NFC) champion Carolina Panthers 24–10 to earn their third Super Bowl title. The game was played on February 7, 2016, at Levi's Stadium in the San Francisco Bay Area at Santa Clara, California. As this was the 50th Super Bowl, the league emphasized the ""golden anniv",5,0.628760826587677,1,0,0.0,0.0,0.0,0.21713334,2,1,0,1,0.5,0.0,0.5,0.5,0.9209134578704834
v1,hybrid_v1+LLM,Which NFL team won Super Bowl 50?,Denver Broncos,"The Broncos' Super Bowl 50 was the first time they had won a Super Bowl. The Broncos won Super Bowl XXXIII, and the Super Bowl XXI was the first time they had won a Super Bowl. The Broncos won Super Bowl XXII, and the Super Bowl XXIV was the first time","As the designated home team in the annual rotation between AFC and NFC teams, the Broncos elected to wear their road white jerseys with matching white pants. Elway stated, ""We've had Super Bowl success in our white uniforms."" The Broncos last wore matching white jerseys and pants in the Super Bowl in Super Bowl XXXIII, Elway's last game as Denver QB, when they defeated the Atlanta Falcons 34–19. In their only other Super Bowl win in Super Bowl XXXII, Denver wore blue jerseys, which was their pri",5,0.8609862473941995,1,0,0.03773584905660377,0.6609918289641935,0.03773584905660377,0.45278955,5,1,0,4,0.2,0.0,0.8,0.8,1.528421401977539
v1,bm25_v1+LLM,What color was used to emphasize the 50th anniversary of the Super Bowl?,gold,The color used for the Super Bowl was black.,"The original logo used for the First Doctor (and briefly for the Second Doctor) was reused in a slightly modified format for the 50th anniversary special ""The Day of the Doctor"" during the Eleventh Doctor's run. The logo used in the television movie featuring the Eighth Doctor was an updated version of the logo used for the Third Doctor. The logo from 1973–80 was used for the Third Doctor's final season and for the majority of the Fourth Doctor's tenure. The following logo, while most associated",5,24.813526214036067,1,0,0.0,0.0,0.0,0.16267835,1,0,0,1,0.0,0.0,1.0,1.0,0.8469316959381104
v1,dpr_v1+LLM,What color was used to emphasize the 50th anniversary of the Super Bowl?,gold,"The 50th anniversary of the Super Bowl was celebrated in the NFL's history. The Super Bowl was the first time the NFL had a logo that featured the 50th anniversary of the Super Bowl. The NFL's logo was designed to be a ""super-colored"" logo, and the NFL logo was","Super Bowl 50 was an American football game to determine the champion of the National Football League (NFL) for the 2015 season. The American Football Conference (AFC) champion Denver Broncos defeated the National Football Conference (NFC) champion Carolina Panthers 24–10 to earn their third Super Bowl title. The game was played on February 7, 2016, at Levi's Stadium in the San Francisco Bay Area at Santa Clara, California. As this was the 50th Super Bowl, the league emphasized the ""golden anniv",5,0.575075626373291,1,0,0.0,0.0,0.0,0.043514647,4,1,3,0,0.25,0.75,0.0,0.75,1.2034943103790283
v1,hybrid_v1+LLM,What color was used to emphasize the 50th anniversary of the Super Bowl?,gold,"The 50th anniversary of the Super Bowl was celebrated on February 7, 2016, at Levi's Stadium in the San Francisco Bay Area at Santa Clara, California. The Super Bowl was the first time the NFL had ever been televised in the United States. The NFL's first Super Bowl was played in the","Super Bowl 50 was an American football game to determine the champion of the National Football League (NFL) for the 2015 season. The American Football Conference (AFC) champion Denver Broncos defeated the National Football Conference (NFC) champion Carolina Panthers 24–10 to earn their third Super Bowl title. The game was played on February 7, 2016, at Levi's Stadium in the San Francisco Bay Area at Santa Clara, California. As this was the 50th Super Bowl, the league emphasized the ""golden anniv",5,0.9155903862219409,1,0,0.0,0.0,0.0,0.015009513,3,1,0,2,0.3333333333333333,0.0,0.6666666666666666,0.6666666666666666,1.0847601890563965
v1,bm25_v1+LLM,What was the theme of Super Bowl 50?,"""golden anniversary""","Super Bowl 50 was a celebration of the Super Bowl, and the Super Bowl was a celebration of the Super Bowl. The Super Bowl was a celebration of the Super Bowl. The Super Bowl was a celebration of the Super Bowl. The Super Bowl was a celebration of the Super Bowl. The Super Bowl was","In honor of the 50th Super Bowl, the pregame ceremony featured the on-field introduction of 39 of the 43 previous Super Bowl Most Valuable Players. Bart Starr (MVP of Super Bowls I and II) and Chuck Howley (MVP of Super Bowl V) appeared via video, while Peyton Manning (MVP of Super Bowl XLI and current Broncos quarterback) was shown in the locker room preparing for the game. No plans were announced regarding the recognition of Harvey Martin, co-MVP of Super Bowl XII, who died in 2001. Super Bowl",5,23.136407626484843,0,0,0.0,0.0,0.0,0.23724928,3,0,2,1,0.0,0.6666666666666666,0.3333333333333333,1.0,1.1051967144012451
v1,dpr_v1+LLM,What was the theme of Super Bowl 50?,"""golden anniversary""","Super Bowl 50 was a celebration of the 50th anniversary of the NFL's first Super Bowl. The game was played on February 7, 2016, at Levi's Stadium in the San Francisco Bay Area at Santa Clara, California. As this was the 50th Super Bowl, the league emphasized the ""gold","Super Bowl 50 was an American football game to determine the champion of the National Football League (NFL) for the 2015 season. The American Football Conference (AFC) champion Denver Broncos defeated the National Football Conference (NFC) champion Carolina Panthers 24–10 to earn their third Super Bowl title. The game was played on February 7, 2016, at Levi's Stadium in the San Francisco Bay Area at Santa Clara, California. As this was the 50th Super Bowl, the league emphasized the ""golden anniv",5,0.5693992137908935,1,0,0.0,0.7716270058689811,0.03773584905660377,0.3071242,3,2,1,0,0.6666666666666666,0.3333333333333333,0.0,0.3333333333333333,0.9530186653137207
v1,hybrid_v1+LLM,What was the theme of Super Bowl 50?,"""golden anniversary""","The theme of Super Bowl 50 was the ""golden anniversary"" with various gold-themed initiatives, as well as temporarily suspending the tradition of naming each Super Bowl game with Roman numerals (under which the game would have been known as ""Super Bowl L""), so that the logo could prominently feature the","Super Bowl 50 was an American football game to determine the champion of the National Football League (NFL) for the 2015 season. The American Football Conference (AFC) champion Denver Broncos defeated the National Football Conference (NFC) champion Carolina Panthers 24–10 to earn their third Super Bowl title. The game was played on February 7, 2016, at Levi's Stadium in the San Francisco Bay Area at Santa Clara, California. As this was the 50th Super Bowl, the league emphasized the ""golden anniv",5,0.9067315560679303,1,0,0.07692307692307693,3.9182254304392083,0.07547169811320754,0.4503628,1,1,0,0,1.0,0.0,0.0,0.0,0.8356142044067383
v1,bm25_v1+LLM,What day was the game played on?,"February 7, 2016","February 7, 2016.","Super Bowl 50 was an American football game to determine the champion of the National Football League (NFL) for the 2015 season. The American Football Conference (AFC) champion Denver Broncos defeated the National Football Conference (NFC) champion Carolina Panthers 24–10 to earn their third Super Bowl title. The game was played on February 7, 2016, at Levi's Stadium in the San Francisco Bay Area at Santa Clara, California. As this was the 50th Super Bowl, the league emphasized the ""golden anniv",5,14.137022380053372,1,0,0.6666666666666666,66.87403049764218,1.0,0.9738297,1,0,0,1,0.0,0.0,1.0,1.0,0.7796061038970947
v1,dpr_v1+LLM,What day was the game played on?,"February 7, 2016","February 1, 2016.","The game's media day, which was typically held on the Tuesday afternoon prior to the game, was moved to the Monday evening and re-branded as Super Bowl Opening Night. The event was held on February 1, 2016 at SAP Center in San Jose. Alongside the traditional media availabilities, the event featured an opening ceremony with player introductions on a replica of the Golden Gate Bridge. In 1970, ABC debuted Monday Night Football as part of its Monday prime time schedule; the program became a hit for",5,0.4297470569610596,0,0,0.3333333333333333,23.643540225079395,0.6666666666666666,0.91652864,1,0,0,1,0.0,0.0,1.0,1.0,0.880887508392334
v1,hybrid_v1+LLM,What day was the game played on?,"February 7, 2016","February 7, 2016.","Super Bowl 50 was an American football game to determine the champion of the National Football League (NFL) for the 2015 season. The American Football Conference (AFC) champion Denver Broncos defeated the National Football Conference (NFC) champion Carolina Panthers 24–10 to earn their third Super Bowl title. The game was played on February 7, 2016, at Levi's Stadium in the San Francisco Bay Area at Santa Clara, California. As this was the 50th Super Bowl, the league emphasized the ""golden anniv",5,0.7592974629855614,1,0,0.6666666666666666,66.87403049764218,1.0,0.9738297,1,1,0,0,1.0,0.0,0.0,0.0,0.8756132125854492
v1,bm25_v1+LLM,What is the AFC short for?,American Football Conference,"The AFC short is the time at which the AFC is considered the most important team in the NFL. The AFC is the most important team in the NFL, and the AFC is the most important team in the NFL. The AFC is the most important team in the NFL, and the AFC is the most","As the designated home team in the annual rotation between AFC and NFC teams, the Broncos elected to wear their road white jerseys with matching white pants. Elway stated, ""We've had Super Bowl success in our white uniforms."" The Broncos last wore matching white jerseys and pants in the Super Bowl in Super Bowl XXXIII, Elway's last game as Denver QB, when they defeated the Atlanta Falcons 34–19. In their only other Super Bowl win in Super Bowl XXXII, Denver wore blue jerseys, which was their pri",5,10.856546167115514,0,0,0.0,0.0,0.0,0.378047,4,0,3,1,0.0,0.75,0.25,1.0,1.2393364906311035
v1,dpr_v1+LLM,What is the AFC short for?,American Football Conference,The AFC short for the AFC Championship Game is the Super Bowl Championship Game. The AFC Championship Game is the Super Bowl Championship Game. The AFC Championship Game is the Super Bowl Championship Game. The AFC Championship Game is the Super Bowl Championship Game. The AFC Championship Game is the Super Bowl Championship Game. The,"Super Bowl 50 was an American football game to determine the champion of the National Football League (NFL) for the 2015 season. The American Football Conference (AFC) champion Denver Broncos defeated the National Football Conference (NFC) champion Carolina Panthers 24–10 to earn their third Super Bowl title. The game was played on February 7, 2016, at Levi's Stadium in the San Francisco Bay Area at Santa Clara, California. As this was the 50th Super Bowl, the league emphasized the ""golden anniv",5,0.38170632123947146,1,0,0.0,0.0,0.0,0.33900863,2,0,0,2,0.0,0.0,1.0,1.0,0.9107866287231445
v1,hybrid_v1+LLM,What is the AFC short for?,American Football Conference,"The AFC Short for is the AFC Championship Game. The AFC Championship Game is the most important game of the year, and the AFC Short for is the most important game of the year. The AFC Championship Game is the most important game of the year, and the AFC Championship Game is the most important game","The Broncos defeated the Pittsburgh Steelers in the divisional round, 23–16, by scoring 11 points in the final three minutes of the game. They then beat the defending Super Bowl XLIX champion New England Patriots in the AFC Championship Game, 20–18, by intercepting a pass on New England's 2-point conversion attempt with 17 seconds left on the clock. Despite Manning's problems with interceptions during the season, he didn't throw any in their two playoff games. As the designated home team in the ",5,0.8512205354443889,0,0,0.0,0.0,0.0,0.42933735,4,0,2,2,0.0,0.5,0.5,1.0,1.4436061382293701
v1,bm25_v1+LLM,What was the theme of Super Bowl 50?,"""golden anniversary""","Super Bowl 50 was a celebration of the Super Bowl, and the Super Bowl was a celebration of the Super Bowl. The Super Bowl was a celebration of the Super Bowl. The Super Bowl was a celebration of the Super Bowl. The Super Bowl was a celebration of the Super Bowl. The Super Bowl was","In honor of the 50th Super Bowl, the pregame ceremony featured the on-field introduction of 39 of the 43 previous Super Bowl Most Valuable Players. Bart Starr (MVP of Super Bowls I and II) and Chuck Howley (MVP of Super Bowl V) appeared via video, while Peyton Manning (MVP of Super Bowl XLI and current Broncos quarterback) was shown in the locker room preparing for the game. No plans were announced regarding the recognition of Harvey Martin, co-MVP of Super Bowl XII, who died in 2001. Super Bowl",5,23.136407626484843,0,0,0.0,0.0,0.0,0.23724928,3,0,2,1,0.0,0.6666666666666666,0.3333333333333333,1.0,1.1002674102783203
v1,dpr_v1+LLM,What was the theme of Super Bowl 50?,"""golden anniversary""","Super Bowl 50 was a celebration of the 50th anniversary of the NFL's first Super Bowl. The game was played on February 7, 2016, at Levi's Stadium in the San Francisco Bay Area at Santa Clara, California. As this was the 50th Super Bowl, the league emphasized the ""gold","Super Bowl 50 was an American football game to determine the champion of the National Football League (NFL) for the 2015 season. The American Football Conference (AFC) champion Denver Broncos defeated the National Football Conference (NFC) champion Carolina Panthers 24–10 to earn their third Super Bowl title. The game was played on February 7, 2016, at Levi's Stadium in the San Francisco Bay Area at Santa Clara, California. As this was the 50th Super Bowl, the league emphasized the ""golden anniv",5,0.5693992137908935,1,0,0.0,0.7716270058689811,0.03773584905660377,0.3071242,3,2,1,0,0.6666666666666666,0.3333333333333333,0.0,0.3333333333333333,0.9493906497955322
v1,hybrid_v1+LLM,What was the theme of Super Bowl 50?,"""golden anniversary""","The theme of Super Bowl 50 was the ""golden anniversary"" with various gold-themed initiatives, as well as temporarily suspending the tradition of naming each Super Bowl game with Roman numerals (under which the game would have been known as ""Super Bowl L""), so that the logo could prominently feature the","Super Bowl 50 was an American football game to determine the champion of the National Football League (NFL) for the 2015 season. The American Football Conference (AFC) champion Denver Broncos defeated the National Football Conference (NFC) champion Carolina Panthers 24–10 to earn their third Super Bowl title. The game was played on February 7, 2016, at Levi's Stadium in the San Francisco Bay Area at Santa Clara, California. As this was the 50th Super Bowl, the league emphasized the ""golden anniv",5,0.9067315560679303,1,0,0.07692307692307693,3.9182254304392083,0.07547169811320754,0.4503628,1,1,0,0,1.0,0.0,0.0,0.0,0.8284192085266113
v1,bm25_v1+LLM,What does AFC stand for?,American Football Conference,The AFC stands for the AFC.,"Tesla also explained the principles of the rotating magnetic field in an induction motor by demonstrating how to make a copper egg stand on end using a device he constructed known as the Egg of Columbus. By 1526, Luther found himself increasingly occupied in organising a new church. His Biblical ideal of congregations' choosing their own ministers had proved unworkable. According to Bainton: ""Luther's dilemma was that he wanted both a confessional church based on personal faith and experience an",5,8.088826574342354,0,0,0.0,0.0,0.0,0.52567554,1,1,0,0,1.0,0.0,0.0,0.0,0.7970175743103027
v1,dpr_v1+LLM,What does AFC stand for?,American Football Conference,The AFC stands for the AFC North. The AFC North is the North American Football Conference (NAFC). The North is the North American Football Conference (NAFC). The North is the North American Football Conference (NAFC). The North is the North American Football Conference (NAFC). The North is,"Super Bowl 50 was an American football game to determine the champion of the National Football League (NFL) for the 2015 season. The American Football Conference (AFC) champion Denver Broncos defeated the National Football Conference (NFC) champion Carolina Panthers 24–10 to earn their third Super Bowl title. The game was played on February 7, 2016, at Levi's Stadium in the San Francisco Bay Area at Santa Clara, California. As this was the 50th Super Bowl, the league emphasized the ""golden anniv",5,0.35078375935554507,1,0,0.12,2.250110187024035,0.12,0.49405003,4,0,0,4,0.0,0.0,1.0,1.0,1.1941776275634766
v1,hybrid_v1+LLM,What does AFC stand for?,American Football Conference,"The AFC stands for AFC, AFC, AFC, AFC, AFC, AFC, AFC, AFC, AFC, AFC, AFC, AFC, AFC, AFC, AFC, AFC, AFC, AFC, AFC, AFC, AFC, AFC, AFC, AFC, AFC, AFC, AFC, AFC,","As the designated home team in the annual rotation between AFC and NFC teams, the Broncos elected to wear their road white jerseys with matching white pants. Elway stated, ""We've had Super Bowl success in our white uniforms."" The Broncos last wore matching white jerseys and pants in the Super Bowl in Super Bowl XXXIII, Elway's last game as Denver QB, when they defeated the Atlanta Falcons 34–19. In their only other Super Bowl win in Super Bowl XXXII, Denver wore blue jerseys, which was their pri",5,0.7965063285626692,0,0,0.0,0.0,0.0,0.4103301,1,1,0,0,1.0,0.0,0.0,0.0,0.8983407020568848
v1,bm25_v1+LLM,What day was the Super Bowl played on?,"February 7, 2016","February 7, 2016.","With Rivera having been a linebacker with the Chicago Bears in Super Bowl XX, and Kubiak replacing Elway at the end of the Broncos' defeats in Super Bowls XXI and XXIV, this will be the first Super Bowl in which both head coaches played in the game themselves. Super Bowl 50 was an American football game to determine the champion of the National Football League (NFL) for the 2015 season. The American Football Conference (AFC) champion Denver Broncos defeated the National Football Conference (NFC)",5,21.747871560290385,1,0,0.6666666666666666,66.87403049764218,1.0,0.9738297,1,1,0,0,1.0,0.0,0.0,0.0,0.8386557102203369
v1,dpr_v1+LLM,What day was the Super Bowl played on?,"February 7, 2016","February 7, 2016.","The game's media day, which was typically held on the Tuesday afternoon prior to the game, was moved to the Monday evening and re-branded as Super Bowl Opening Night. The event was held on February 1, 2016 at SAP Center in San Jose. Alongside the traditional media availabilities, the event featured an opening ceremony with player introductions on a replica of the Golden Gate Bridge. Super Bowl 50 was an American football game to determine the champion of the National Football League (NFL) for th",5,0.6025224089622497,1,0,0.6666666666666666,66.87403049764218,1.0,0.9738297,1,1,0,0,1.0,0.0,0.0,0.0,0.8084850311279297
v1,hybrid_v1+LLM,What day was the Super Bowl played on?,"February 7, 2016","February 7, 2016.","Super Bowl 50 was an American football game to determine the champion of the National Football League (NFL) for the 2015 season. The American Football Conference (AFC) champion Denver Broncos defeated the National Football Conference (NFC) champion Carolina Panthers 24–10 to earn their third Super Bowl title. The game was played on February 7, 2016, at Levi's Stadium in the San Francisco Bay Area at Santa Clara, California. As this was the 50th Super Bowl, the league emphasized the ""golden anniv",5,0.8447942273511113,1,0,0.6666666666666666,66.87403049764218,1.0,0.9738297,1,1,0,0,1.0,0.0,0.0,0.0,0.7918365001678467
v1,bm25_v1+LLM,Who won Super Bowl 50?,Denver Broncos,The Super Bowl 50 was the first time the Broncos had ever won a Super Bowl. The Super Bowl 50 was the first time the Broncos had ever won a Super Bowl. The Super Bowl 50 was the first time the Broncos had ever won a Super Bowl. The Super Bowl 50 was the first time the,"Super Bowl 50 featured numerous records from individuals and teams. Denver won despite being massively outgained in total yards (315 to 194) and first downs (21 to 11). Their 194 yards and 11 first downs were both the lowest totals ever by a Super Bowl winning team. The previous record was 244 yards by the Baltimore Ravens in Super Bowl XXXV. Only seven other teams had ever gained less than 200 yards in a Super Bowl, and all of them had lost. The Broncos' seven sacks tied a Super Bowl record set",5,17.976617902957106,1,0,0.033898305084745756,0.6044751875664687,0.033898305084745756,0.4048453,2,0,0,2,0.0,0.0,1.0,1.0,1.0000107288360596
v1,dpr_v1+LLM,Who won Super Bowl 50?,Denver Broncos,The Super Bowl is a national championship game. The Super Bowl is a national championship game. The Super Bowl is a national championship game. The Super Bowl is a national championship game. The Super Bowl is a national championship game. The Super Bowl is a national championship game. The Super Bowl is a national,"Super Bowl 50 was an American football game to determine the champion of the National Football League (NFL) for the 2015 season. The American Football Conference (AFC) champion Denver Broncos defeated the National Football Conference (NFC) champion Carolina Panthers 24–10 to earn their third Super Bowl title. The game was played on February 7, 2016, at Levi's Stadium in the San Francisco Bay Area at Santa Clara, California. As this was the 50th Super Bowl, the league emphasized the ""golden anniv",5,0.6183413863182068,1,0,0.0,0.0,0.0,0.24621812,2,1,1,0,0.5,0.5,0.0,0.5,0.9081885814666748
v1,hybrid_v1+LLM,Who won Super Bowl 50?,Denver Broncos,The Super Bowl 50 was the first time the NFL had ever been televised. The NFL has always been a big part of the Super Bowl. The NFL has always been a big part of the Super Bowl. The NFL has always been a big part of the Super Bowl. The NFL has always been a,"Super Bowl 50 featured numerous records from individuals and teams. Denver won despite being massively outgained in total yards (315 to 194) and first downs (21 to 11). Their 194 yards and 11 first downs were both the lowest totals ever by a Super Bowl winning team. The previous record was 244 yards by the Baltimore Ravens in Super Bowl XXXV. Only seven other teams had ever gained less than 200 yards in a Super Bowl, and all of them had lost. The Broncos' seven sacks tied a Super Bowl record set",5,0.8797032762600538,1,0,0.0,0.0,0.0,0.30064797,3,0,1,2,0.0,0.3333333333333333,0.6666666666666666,1.0,1.1317601203918457
v1,bm25_v1+LLM,What venue did Super Bowl 50 take place in?,Levi's Stadium,"The Super Bowl 50 was held in the Bay Area in the U.S. and was hosted by the Bay Area's top-tier sports teams. The Super Bowl 50 was held in the Bay Area's Bay Area's Bay Area, and was hosted by the Bay Area's top-tier sports teams","CBS broadcast Super Bowl 50 in the U.S., and charged an average of $5 million for a 30-second commercial during the game. The Super Bowl 50 halftime show was headlined by the British rock group Coldplay with special guest performers Beyoncé and Bruno Mars, who headlined the Super Bowl XLVII and Super Bowl XLVIII halftime shows, respectively. It was the third-most watched U.S. broadcast ever. The Super Bowl 50 Host Committee has vowed to be ""the most giving Super Bowl ever"", and will dedicate 25 ",5,21.273147950884265,0,0,0.0,0.0,0.03508771929824561,0.29849446,4,1,3,0,0.25,0.75,0.0,0.75,0.9966182708740234
v1,dpr_v1+LLM,What venue did Super Bowl 50 take place in?,Levi's Stadium,"The Super Bowl was held in the San Francisco Bay Area in the early 2000s. The stadium was built in the early 2000s, and the stadium was renovated in the early 2000s. The stadium was renovated in the early 2000s, and the stadium was renovated in the early 2000s. The","On May 21, 2013, NFL owners at their spring meetings in Boston voted and awarded the game to Levi's Stadium. The $1.2 billion stadium opened in 2014. It is the first Super Bowl held in the San Francisco Bay Area since Super Bowl XIX in 1985, and the first in California since Super Bowl XXXVII took place in San Diego in 2003. Super Bowl 50 was an American football game to determine the champion of the National Football League (NFL) for the 2015 season. The American Football Conference (AFC) champ",5,0.6396078824996948,1,0,0.038461538461538464,0.0,0.03773584905660377,0.3717981,4,0,3,1,0.0,0.75,0.25,1.0,1.0289757251739502
v1,hybrid_v1+LLM,What venue did Super Bowl 50 take place in?,Levi's Stadium,"The Super Bowl 50 was held in the San Francisco Bay Area at Levi's Stadium in the San Francisco Bay Area at Santa Clara, California. The stadium opened in 2014. The stadium is the first Super Bowl in the Bay Area since Super Bowl XXXVII took place in San Diego in 2003. The stadium","CBS broadcast Super Bowl 50 in the U.S., and charged an average of $5 million for a 30-second commercial during the game. The Super Bowl 50 halftime show was headlined by the British rock group Coldplay with special guest performers Beyoncé and Bruno Mars, who headlined the Super Bowl XLVII and Super Bowl XLVIII halftime shows, respectively. It was the third-most watched U.S. broadcast ever. On May 21, 2013, NFL owners at their spring meetings in Boston voted and awarded the game to Levi's Stadi",5,0.8877230161715352,1,0,0.07142857142857142,1.2517615598307574,0.10344827586206896,0.5162857,3,3,0,0,1.0,0.0,0.0,0.0,0.9577748775482178
v1,bm25_v1+LLM,What city did Super Bowl 50 take place in?,Santa Clara,"The Super Bowl 50 was held in the city of San Francisco, California, on June 4, 2014. The Super Bowl 50 was held in the Bay Area, and was hosted by the NFL. The Super Bowl 50 was the first Super Bowl to be held in the Bay Area. The Super Bowl 50","CBS broadcast Super Bowl 50 in the U.S., and charged an average of $5 million for a 30-second commercial during the game. The Super Bowl 50 halftime show was headlined by the British rock group Coldplay with special guest performers Beyoncé and Bruno Mars, who headlined the Super Bowl XLVII and Super Bowl XLVIII halftime shows, respectively. It was the third-most watched U.S. broadcast ever. The Super Bowl 50 Host Committee has vowed to be ""the most giving Super Bowl ever"", and will dedicate 25 ",5,21.273147950884265,0,0,0.0,0.0,0.0,0.2675049,5,0,4,1,0.0,0.8,0.2,1.0,1.0952301025390625
v1,dpr_v1+LLM,What city did Super Bowl 50 take place in?,Santa Clara,San Francisco.,"Super Bowl 50 was an American football game to determine the champion of the National Football League (NFL) for the 2015 season. The American Football Conference (AFC) champion Denver Broncos defeated the National Football Conference (NFC) champion Carolina Panthers 24–10 to earn their third Super Bowl title. The game was played on February 7, 2016, at Levi's Stadium in the San Francisco Bay Area at Santa Clara, California. As this was the 50th Super Bowl, the league emphasized the ""golden anniv",5,0.6218424201011657,1,0,0.0,0.0,0.0,0.63204205,0,0,0,0,0.0,0.0,0.0,0.0,0.708258867263794
v1,hybrid_v1+LLM,What city did Super Bowl 50 take place in?,Santa Clara,"San Francisco, California.","CBS broadcast Super Bowl 50 in the U.S., and charged an average of $5 million for a 30-second commercial during the game. The Super Bowl 50 halftime show was headlined by the British rock group Coldplay with special guest performers Beyoncé and Bruno Mars, who headlined the Super Bowl XLVII and Super Bowl XLVIII halftime shows, respectively. It was the third-most watched U.S. broadcast ever. Super Bowl 50 was an American football game to determine the champion of the National Football League (NF",5,0.8769968765581181,1,0,0.0,0.0,0.0,0.58506775,1,0,1,0,0.0,1.0,0.0,1.0,0.7905483245849609
v1,bm25_v1+LLM,"If Roman numerals were used, what would Super Bowl 50 have been called?",Super Bowl L,Roman numerals are used in Super Bowl 50.,"On June 4, 2014, the NFL announced that the practice of branding Super Bowl games with Roman numerals, a practice established at Super Bowl V, would be temporarily suspended, and that the game would be named using Arabic numerals as Super Bowl 50 as opposed to Super Bowl L. The use of Roman numerals will be reinstated for Super Bowl LI. Jaime Weston, the league's vice president of brand and creative, explained that a primary reason for the change was the difficulty of designing an aesthetically ",5,28.385196370367215,1,0,0.36363636363636365,9.535414040914189,0.36363636363636365,0.49902117,1,0,0,1,0.0,0.0,1.0,1.0,0.783642053604126
v1,dpr_v1+LLM,"If Roman numerals were used, what would Super Bowl 50 have been called?",Super Bowl L,Roman numerals are used in Super Bowl 50.,"On June 4, 2014, the NFL announced that the practice of branding Super Bowl games with Roman numerals, a practice established at Super Bowl V, would be temporarily suspended, and that the game would be named using Arabic numerals as Super Bowl 50 as opposed to Super Bowl L. The use of Roman numerals will be reinstated for Super Bowl LI. Jaime Weston, the league's vice president of brand and creative, explained that a primary reason for the change was the difficulty of designing an aesthetically ",5,0.5426341712474823,1,0,0.36363636363636365,9.535414040914189,0.36363636363636365,0.49902117,1,0,0,1,0.0,0.0,1.0,1.0,0.8095598220825195
v1,hybrid_v1+LLM,"If Roman numerals were used, what would Super Bowl 50 have been called?",Super Bowl L,Roman numerals are used in Super Bowl 50.,"On June 4, 2014, the NFL announced that the practice of branding Super Bowl games with Roman numerals, a practice established at Super Bowl V, would be temporarily suspended, and that the game would be named using Arabic numerals as Super Bowl 50 as opposed to Super Bowl L. The use of Roman numerals will be reinstated for Super Bowl LI. Jaime Weston, the league's vice president of brand and creative, explained that a primary reason for the change was the difficulty of designing an aesthetically ",5,0.781251956666172,1,0,0.36363636363636365,9.535414040914189,0.36363636363636365,0.49902117,1,0,0,1,0.0,0.0,1.0,1.0,0.8175430297851562
v1,bm25_v1+LLM,Super Bowl 50 decided the NFL champion for what season?,2015,"The Super Bowl 50 Host Committee and the NFL have openly sought disabled veteran and lesbian, gay, bisexual and transgender-owned businesses in Business Connect, the Super Bowl program that provides local companies with contracting opportunities in and around the Super Bowl. The host committee has already raised over $40 million through sponsors including","Super Bowl 50 was an American football game to determine the champion of the National Football League (NFL) for the 2015 season. The American Football Conference (AFC) champion Denver Broncos defeated the National Football Conference (NFC) champion Carolina Panthers 24–10 to earn their third Super Bowl title. The game was played on February 7, 2016, at Levi's Stadium in the San Francisco Bay Area at Santa Clara, California. As this was the 50th Super Bowl, the league emphasized the ""golden anniv",5,30.852154910499912,1,0,0.0,0.0,0.0,0.045015067,6,1,1,4,0.16666666666666666,0.16666666666666666,0.6666666666666666,0.8333333333333334,1.2758524417877197
v1,dpr_v1+LLM,Super Bowl 50 decided the NFL champion for what season?,2015,"The Super Bowl was a ""golden anniversary"" event. The NFL was founded in 1995 and the league was founded in 2000. The league was founded in 1995 and the league was founded in 2000. The league was founded in 1995 and the league was founded in 2000. The league was founded in 1995","Super Bowl 50 was an American football game to determine the champion of the National Football League (NFL) for the 2015 season. The American Football Conference (AFC) champion Denver Broncos defeated the National Football Conference (NFC) champion Carolina Panthers 24–10 to earn their third Super Bowl title. The game was played on February 7, 2016, at Levi's Stadium in the San Francisco Bay Area at Santa Clara, California. As this was the 50th Super Bowl, the league emphasized the ""golden anniv",5,0.6059083700180053,1,0,0.0,0.0,0.0,0.11841088,4,0,1,3,0.0,0.25,0.75,1.0,1.0283856391906738
v1,hybrid_v1+LLM,Super Bowl 50 decided the NFL champion for what season?,2015,The Super Bowl 50 was the first Super Bowl to be held in the United States. The Super Bowl 50 was the first Super Bowl to be held in the United States. The Super Bowl 50 was the first Super Bowl to be held in the United States. The Super Bowl 50 was the first Super Bowl,"Super Bowl 50 was an American football game to determine the champion of the National Football League (NFL) for the 2015 season. The American Football Conference (AFC) champion Denver Broncos defeated the National Football Conference (NFC) champion Carolina Panthers 24–10 to earn their third Super Bowl title. The game was played on February 7, 2016, at Levi's Stadium in the San Francisco Bay Area at Santa Clara, California. As this was the 50th Super Bowl, the league emphasized the ""golden anniv",5,0.83292539365955,1,0,0.0,0.0,0.0,-0.009174656,2,0,0,2,0.0,0.0,1.0,1.0,0.9117064476013184
v1,bm25_v1+LLM,What year did the Denver Broncos secure a Super Bowl title for the third time?,2015,The Super Bowl was won by the Denver Broncos in Super Bowl XLVIII. The Broncos won the game by a score of 1–1. The Broncos won the game by a score of 1–0. The Broncos won the game by a score of 1–0. The Broncos won the game,"For the third straight season, the number one seeds from both conferences met in the Super Bowl. The Carolina Panthers became one of only ten teams to have completed a regular season with only one loss, and one of only six teams to have acquired a 15–1 record, while the Denver Broncos became one of four teams to have made eight appearances in the Super Bowl. The Broncos made their second Super Bowl appearance in three years, having reached Super Bowl XLVIII, while the Panthers made their second ",5,38.244244102883826,1,0,0.0,0.0,0.0,0.038292162,4,1,0,3,0.25,0.0,0.75,0.75,1.3272886276245117
v1,dpr_v1+LLM,What year did the Denver Broncos secure a Super Bowl title for the third time?,2015,"The Broncos were in the AFC Championship Game, and they won. They were in the NFC Championship Game, and they won. They were in the NFC Championship Game, and they won. They were in the NFC Championship Game, and they won. They were in the NFC Championship Game, and they won","The Broncos took an early lead in Super Bowl 50 and never trailed. Newton was limited by Denver's defense, which sacked him seven times and forced him into three turnovers, including a fumble which they recovered for a touchdown. Denver linebacker Von Miller was named Super Bowl MVP, recording five solo tackles, 2½ sacks, and two forced fumbles. The Panthers finished the regular season with a 15–1 record, and quarterback Cam Newton was named the NFL Most Valuable Player (MVP). They defeated the ",5,0.6315077662467956,1,0,0.0,0.0,0.0,0.11407827,2,0,0,2,0.0,0.0,1.0,1.0,0.988396406173706
v1,hybrid_v1+LLM,What year did the Denver Broncos secure a Super Bowl title for the third time?,2015,"The Super Bowl was held on February 7, 2016, at Levi's Stadium in the San Francisco Bay Area at Santa Clara, California. The Super Bowl was played on February 7, 2016, at Levi's Stadium in the San Francisco Bay Area at Santa Clara, California. The Super Bowl was played on","For the third straight season, the number one seeds from both conferences met in the Super Bowl. The Carolina Panthers became one of only ten teams to have completed a regular season with only one loss, and one of only six teams to have acquired a 15–1 record, while the Denver Broncos became one of four teams to have made eight appearances in the Super Bowl. The Broncos made their second Super Bowl appearance in three years, having reached Super Bowl XLVIII, while the Panthers made their second ",5,0.9078624179664757,1,0,0.0,0.0,0.0,0.09728083,3,2,1,0,0.6666666666666666,0.3333333333333333,0.0,0.3333333333333333,1.1462934017181396
v1,bm25_v1+LLM,What city did Super Bowl 50 take place in?,Santa Clara,"The Super Bowl 50 was held in the city of San Francisco, California, on June 4, 2014. The Super Bowl 50 was held in the Bay Area, and was hosted by the NFL. The Super Bowl 50 was the first Super Bowl to be held in the Bay Area. The Super Bowl 50","CBS broadcast Super Bowl 50 in the U.S., and charged an average of $5 million for a 30-second commercial during the game. The Super Bowl 50 halftime show was headlined by the British rock group Coldplay with special guest performers Beyoncé and Bruno Mars, who headlined the Super Bowl XLVII and Super Bowl XLVIII halftime shows, respectively. It was the third-most watched U.S. broadcast ever. The Super Bowl 50 Host Committee has vowed to be ""the most giving Super Bowl ever"", and will dedicate 25 ",5,21.273147950884265,0,0,0.0,0.0,0.0,0.2675049,5,0,4,1,0.0,0.8,0.2,1.0,1.0914068222045898
v1,dpr_v1+LLM,What city did Super Bowl 50 take place in?,Santa Clara,San Francisco.,"Super Bowl 50 was an American football game to determine the champion of the National Football League (NFL) for the 2015 season. The American Football Conference (AFC) champion Denver Broncos defeated the National Football Conference (NFC) champion Carolina Panthers 24–10 to earn their third Super Bowl title. The game was played on February 7, 2016, at Levi's Stadium in the San Francisco Bay Area at Santa Clara, California. As this was the 50th Super Bowl, the league emphasized the ""golden anniv",5,0.6218424201011657,1,0,0.0,0.0,0.0,0.63204205,0,0,0,0,0.0,0.0,0.0,0.0,0.7062759399414062
v1,hybrid_v1+LLM,What city did Super Bowl 50 take place in?,Santa Clara,"San Francisco, California.","CBS broadcast Super Bowl 50 in the U.S., and charged an average of $5 million for a 30-second commercial during the game. The Super Bowl 50 halftime show was headlined by the British rock group Coldplay with special guest performers Beyoncé and Bruno Mars, who headlined the Super Bowl XLVII and Super Bowl XLVIII halftime shows, respectively. It was the third-most watched U.S. broadcast ever. Super Bowl 50 was an American football game to determine the champion of the National Football League (NF",5,0.8769968765581181,1,0,0.0,0.0,0.0,0.58506775,1,0,1,0,0.0,1.0,0.0,1.0,0.7894911766052246
v1,bm25_v1+LLM,What stadium did Super Bowl 50 take place in?,Levi's Stadium,"The Super Bowl 50 was held at Levi's Stadium in San Francisco, California, on February 7, 2016. The stadium opened in 2014. The stadium was the first Super Bowl in the San Francisco Bay Area since Super Bowl XXXVII took place in 1985. The Super Bowl XLVII was the first in","On May 21, 2013, NFL owners at their spring meetings in Boston voted and awarded the game to Levi's Stadium. The $1.2 billion stadium opened in 2014. It is the first Super Bowl held in the San Francisco Bay Area since Super Bowl XIX in 1985, and the first in California since Super Bowl XXXVII took place in San Diego in 2003. Super Bowl 50 was an American football game to determine the champion of the National Football League (NFL) for the 2015 season. The American Football Conference (AFC) champ",5,23.766705126187702,1,0,0.07547169811320754,1.2743248999128778,0.1090909090909091,0.53875095,4,1,0,3,0.25,0.0,0.75,0.75,1.08103609085083
v1,dpr_v1+LLM,What stadium did Super Bowl 50 take place in?,Levi's Stadium,"The Super Bowl was held in the San Francisco Bay Area in the early 2000s. The stadium was built in the early 2000s, and the stadium was renovated in the early 2000s. The stadium was renovated in the early 2000s, and the stadium was renovated in the early 2000s. The","Super Bowl 50 was an American football game to determine the champion of the National Football League (NFL) for the 2015 season. The American Football Conference (AFC) champion Denver Broncos defeated the National Football Conference (NFC) champion Carolina Panthers 24–10 to earn their third Super Bowl title. The game was played on February 7, 2016, at Levi's Stadium in the San Francisco Bay Area at Santa Clara, California. As this was the 50th Super Bowl, the league emphasized the ""golden anniv",5,0.652418315410614,1,0,0.038461538461538464,0.0,0.03773584905660377,0.3717981,4,0,2,2,0.0,0.5,0.5,1.0,1.0297002792358398
v1,hybrid_v1+LLM,What stadium did Super Bowl 50 take place in?,Levi's Stadium,"The Super Bowl 50 was held in the San Francisco Bay Area in the early 2000s. The stadium was built in the San Francisco Bay Area in the early 2000s, and was the first Super Bowl in the Bay Area since Super Bowl XXXVII in 1985. The stadium was built in the San Francisco","On May 21, 2013, NFL owners at their spring meetings in Boston voted and awarded the game to Levi's Stadium. The $1.2 billion stadium opened in 2014. It is the first Super Bowl held in the San Francisco Bay Area since Super Bowl XIX in 1985, and the first in California since Super Bowl XXXVII took place in San Diego in 2003. Super Bowl 50 was an American football game to determine the champion of the National Football League (NFL) for the 2015 season. The American Football Conference (AFC) champ",5,0.8921722611435067,1,0,0.03571428571428571,0.0,0.03508771929824561,0.32319403,4,1,1,2,0.25,0.25,0.5,0.75,1.1073813438415527
v1,bm25_v1+LLM,What was the final score of Super Bowl 50? ,24–10,"The score was the same as the previous Super Bowl, with the exception of the first down conversion. The score was the same as the previous Super Bowl, with the exception of the first down conversion. The score was the same as the previous Super Bowl, with the exception of the first down conversion.","In honor of the 50th Super Bowl, the pregame ceremony featured the on-field introduction of 39 of the 43 previous Super Bowl Most Valuable Players. Bart Starr (MVP of Super Bowls I and II) and Chuck Howley (MVP of Super Bowl V) appeared via video, while Peyton Manning (MVP of Super Bowl XLI and current Broncos quarterback) was shown in the locker room preparing for the game. No plans were announced regarding the recognition of Harvey Martin, co-MVP of Super Bowl XII, who died in 2001. CBS set th",5,23.413912570506913,0,0,0.0,0.0,0.0,0.19395804,1,0,0,1,0.0,0.0,1.0,1.0,0.8424088954925537
v1,dpr_v1+LLM,What was the final score of Super Bowl 50? ,24–10,The score was tied at 10:30.,"Super Bowl 50 was an American football game to determine the champion of the National Football League (NFL) for the 2015 season. The American Football Conference (AFC) champion Denver Broncos defeated the National Football Conference (NFC) champion Carolina Panthers 24–10 to earn their third Super Bowl title. The game was played on February 7, 2016, at Levi's Stadium in the San Francisco Bay Area at Santa Clara, California. As this was the 50th Super Bowl, the league emphasized the ""golden anniv",5,0.5763829469680786,1,0,0.0,0.0,0.22222222222222224,0.47653404,1,0,0,1,0.0,0.0,1.0,1.0,0.8077504634857178
v1,hybrid_v1+LLM,What was the final score of Super Bowl 50? ,24–10,The score was the following:,"Super Bowl 50 was an American football game to determine the champion of the National Football League (NFL) for the 2015 season. The American Football Conference (AFC) champion Denver Broncos defeated the National Football Conference (NFC) champion Carolina Panthers 24–10 to earn their third Super Bowl title. The game was played on February 7, 2016, at Levi's Stadium in the San Francisco Bay Area at Santa Clara, California. As this was the 50th Super Bowl, the league emphasized the ""golden anniv",5,0.9034009836080802,1,0,0.0,0.0,0.0,0.43184495,1,0,1,0,0.0,1.0,0.0,1.0,0.8549811840057373
